    "./703/metsfile.xml","dan=E don var 140 4º eng=E don var 140 4to ","dan=Esrum Klosters brevbog eng=Codex Esromensis "
    "./39/metsfile.xml","dan=Sallustius, opera eng=Sallustius, opera ","dan=GKS 2154 4° eng=GKS 2154 4° "
    "./404/metsfile.xml","dan=Gualterus Burlaeus, Expositio super libros Politicorum Aristotelis eng=Gualterus Burlaeus, Expositio super libros Politicorum Aristotelis ","dan=NKS 1813 2° eng=NKS 1813 2° "
    "./351/metsfile.xml","dan=Huafan hehe tongshu 華番和合通書 eng=Huafan hehe tongshu 華番和合通書 ","dan=Ball, Dyer (red.) (1796-1866) eng=Ball, Dyer (ed.) (1796-1866) "
    "./301/metsfile.xml","dan=Festus, Breviarium eng=Festus, Breviarium ","dan=Fragm. 2815 eng=Fragm. 2815 "
    "./468/metsfile.xml","dan=Portnerens Søn (koncept) ","dan=H.C. Andersen "
    "./288/metsfile.xml","dan=Evangelia IV (Matth. 25.11-26.2) eng=Evangelia IV (Matth. 25.11-26.2) ","dan=Fragm. 3124 eng=Fragm. 3124 "
    "./69/metsfile.xml","dan=Antiphonarium Nidrosiense (fragment) eng=Antiphonarium Nidrosiense (fragment) ","dan=Add. 47 2° eng=Add. 47 2° "
    "./132/metsfile.xml","dan=Kjærestefolkene (udkast) ","dan=H.C. Andersen "
    "./315/metsfile.xml","dan=Dagbog XIV & XVI ","dan=Jens Baggesen "
    "./713/metsfile.xml","dan=Digt til J. F. Bergsøe, dat. 15. 4. 1860 ","dan=H.C. Andersen "
    "./344/metsfile.xml","dan=Lectiones & orationes de sanctis eng=Lectiones & orationes de sanctis ","dan=NKS 54 8° eng=NKS 54 8° "
    "./771/metsfile.xml","dan=Svensk lovhåndskrift ","dan=Södermannalagen "
    "./643/metsfile.xml","dan=Anselmus, Cur deus homo eng=Anselmus, Cur deus homo ","dan=GKS 3394 8° eng=GKS 3394 8° "
    "./53/metsfile.xml","dan=Vita Bernardi. Miracula. Radbertus eng=Vita Bernardi. Miracula. Radbertus ","dan=GKS 181 2° eng=GKS 181 2° "
    "./266/metsfile.xml","dan=Lærebog i arabisk (uden titel) eng=Textbook in Arabic (no title is given) ","dan=Anonym eng=Anonymous "
    "./54/metsfile.xml","dan=Cyprianus, De mortalitate. De patientia. De virginibus eng=Cyprianus, De mortalitate. De patientia. De virginibus ","dan=GKS 1340 4° eng=GKS 1340 4° "
    "./686/metsfile.xml","dan=Triduum ","dan=Ole Rømer "
    "./11/metsfile.xml","dan=[Magi] eng=[Magic] ","dan=Anonym eng=Anonymous "
    "./99/metsfile.xml","dan=Radulphus Monachus. Milo Elnonensis. eng=Radulphus Monachus. Milo Elnonensis. ","dan=Thott 520 4° eng=Thott 520 4° "
    "./176/metsfile.xml","dan=Klokkedybet (renskrift) ","dan=H.C. Andersen "
    "./606/metsfile.xml","dan=En Rose fra Homers Grav ","dan=H.C. Andersen "
    "./629/metsfile.xml","dan=Ius civitatis Lubicensis eng=Ius civitatis Lubicensis ","dan=Thott 2061 4° eng=Thott 2061 4° "
    "./58/metsfile.xml","dan=Tuhfat al-zā'ir dar ziyārāt eng=Tuhfat al-zā'ir dar ziyārāt ","dan=Anonym eng=Anonymous "
    "./354/metsfile.xml","dan=Musik til Bertran de Born ","dan=P. Heise "
    "./166/metsfile.xml","dan=Nissen hos Spekhøkeren (renskrift) ","dan=H.C. Andersen "
    "./130/metsfile.xml","dan=Boghveden (koncept) ","dan=H.C. Andersen "
    "./124/metsfile.xml","dan=Tommelise (koncept) ","dan=H.C. Andersen "
    "./749/metsfile.xml","dan=Alte Armatur und Ringkunst eng=Alte Armatur und Ringkunst ","dan=Hans Thalhofer eng=Hans Thalhofer "
    "./459/metsfile.xml","dan=Moster (renskrift) ","dan=H.C. Andersen "
    "./20/metsfile.xml","dan=Du'ā' al-ihtiğāb (Bønner) eng=Du'ā' al-ihtiğāb (Prayers) ","dan=Anonym eng=Anonymous "
    "./247/metsfile.xml","dan=Chronica eng=Chronica ","dan=GKS 454 2° eng=GKS 454 2° "
    "./402/metsfile.xml","dan=Theca II 16 eng=Theca II 16 ","dan=Col. Arb. Haun. eng=Col. Arb. Haun. "
    "./780/metsfile.xml","dan=D.G. Moldenhawer og hans Haandskriftsamling, Kbh. 1917 ","dan=Ada Adler "
    "./66/metsfile.xml","dan=Angersfragmentet eng=The Angers fragment ","dan=NKS 869 g 4º eng=NKS 869 g 4º "
    "./528/metsfile.xml","eng=A Voyage to the Pacific Ocean, Vol. I ","eng=James Cook "
    "./704/metsfile.xml","dan=Brev til Ludwig Tieck, dat. 10. november 1822 ","dan=B.S. Ingemann "
    "./340/metsfile.xml","dan=Dianbao xinshu 電報新書 eng=Dianbao xinshu 電報新書 ","dan=Viguier, S. A. (Waijiye) eng=Viguier, S. A. (Waijiye) "
    "./356/metsfile.xml","dan=Dyvekes Sange ","dan=P. Heise "
    "./655/metsfile.xml","eng=A Voyage to the Pacific Ocean, Atlas ","eng=James Cook "
    "./756/metsfile.xml","ara=x ","ara=x "
    "./290/metsfile.xml","dan=Homiliae. Theologica eng=Homiliae. Theologica ","dan=Fragm. 2801 eng=Fragm. 2801 "
    "./551/metsfile.xml","dan=[Skriveren] ","dan=H.C. Andersen "
    "./705/metsfile.xml","dan="Frihedsvise" ","dan=Poul Henningsen "
    "./762/metsfile.xml","eng=Slavonic Manuscripts in The Royal Library. A Catalogue ","eng=Gunnar Svane "
    "./274/metsfile.xml","dan=Dagbog VI ","dan=Jens Baggesen "
    "./480/metsfile.xml","dan=Hvad Tidselen oplevede (renskrift A) ","dan=H.C. Andersen "
    "./382/metsfile.xml","dan=Forūgh-e mazdayasnī eng=Forūgh-e mazdayasnī ","dan=Kay-khosrav Shāhrokh Kermānī eng=Kay-khosrav Shāhrokh Kermānī "
    "./373/metsfile.xml","dan=Bhagavadbhaktiratnāvalī. Virañcana 1-13 eng=Bhagavadbhaktiratnāvalī. Virañcana 1-13 ","dan=Visnpuri Tairabhukta eng=Visnpuri Tairabhukta "
    "./41/metsfile.xml","dan=Jyske Lov ","dan=Codex Holmiensis "
    "./583/metsfile.xml","dan=Dagbog XXXIII ","dan=Jens Baggesen "
    "./712/metsfile.xml","dan=Brev til Solvej Hagen, dat. 30. 7. 1966 ","dan=Asger Jorn "
    "./392/metsfile.xml","dan=Klaverkvintet i F-dur ","dan=P. Heise "
    "./728/metsfile.xml","dan=Broder Russes Historie ([København: Hans Vingaard,] 1555) eng=Broder Russes Historie ([Copenhagen: Hans Vingaard,] 1555) ","dan=Anonym eng=Anonymous "
    "./108/metsfile.xml","dan=Lectiones de s. Trinitate. Hymni eng=Lectiones de s. Trinitate. Hymni ","dan=GKS 1354 4° eng=GKS 1354 4° "
    "./613/metsfile.xml","dan=Vegetius, Epitoma rei militaris eng=Vegetius, Epitoma rei militaris ","dan=GKS 338 2° eng=GKS 338 2° "
    "./50/metsfile.xml","dan=Evangelia IV eng=Evangelia IV ","dan=Thott 21 4° eng=Thott 21 4° "
    "./298/metsfile.xml","dan=Homiliarium Pauli Diaconi eng=Homiliarium Pauli Diaconi ","dan=Fragm. 2858 eng=Fragm. 2858 "
    "./164/metsfile.xml","dan=Svanereden (renskrift) ","dan=H.C. Andersen "
    "./679/metsfile.xml","dan=Den franske selvbiografi eng=Autobiography in French ","dan=Leonora Christine eng=Leonora Christine "
    "./101/metsfile.xml","dan=Ordines Romani eng=Ordines Romani ","dan=GKS 3443 8° eng=GKS 3443 8° "
    "./257/metsfile.xml","dan=Efteraarsstormene ","dan=P. Heise "
    "./755/metsfile.xml","dan=Annales Egmundenses eng=Annales Egmundenses ","dan=GKS 624 2° eng=GKS 624 2° "
    "./535/metsfile.xml","dan=Dagbog XXVIII ","dan=Jens Baggesen "
    "./92/metsfile.xml","eng=Ayacucho esp=Ayacucho ","eng=n.n. esp=n.n. "
    "./532/metsfile.xml","dan=Dagbog XXVI ","dan=Jens Baggesen "
    "./137/metsfile.xml","dan=Holger Danske ","dan=H.C. Andersen "
    "./554/metsfile.xml","dan=Et Storkebrev fra Suez før Canalens Aabning ","dan=H.C. Andersen "
    "./342/metsfile.xml","dan=Ovidius, Tristia eng=Ovidius, Tristia ","dan=GKS 2014 4° eng=GKS 2014 4° "
    "./738/metsfile.xml","dan=Sæmundar og Snorra Edda ","dan=Ólafur Brynjúlfsson "
    "./635/metsfile.xml","dan=En opbyggelig Historie ","dan=Karen Blixen "
    "./368/metsfile.xml","dan=al-Qur'ăn (fra Persien) eng=al-Qur'ăn (from Persia) ","dan=Koran eng=Koran "
    "./626/metsfile.xml","dan=Kongens Fald ","dan=Johannes V. Jensen "
    "./162/metsfile.xml","dan=ABC-Bogen ","dan=H.C. Andersen "
    "./345/metsfile.xml","dan=Adam Bremensis, Gesta Hammaburgensis ecclesiae pontificum (fragment) eng=Adam Bremensis, Gesta Hammaburgensis ecclesiae pontificum (fragment) ","dan=NKS 1463 2° eng=NKS 1463 2° "
    "./460/metsfile.xml","dan=Skrubtudsen (koncept) ","dan=H.C. Andersen "
    "./275/metsfile.xml","dan=Dagbog VII ","dan=Jens Baggesen "
    "./278/metsfile.xml","dan=Basilius Caesariensis & Gregorius Nyssenus, Latine eng=Basilius Caesariensis & Gregorius Nyssenus, Latine ","dan=GKS 20 2° eng=GKS 20 2° "
    "./91/metsfile.xml","dan=Theca V 16 eng=Theca V 16 ","dan=Col. Arb. Haun. eng=Col. Arb. Haun. "
    "./348/metsfile.xml","dan=[Šarh] Dīwān Ğarīr ibn 'Atīyah (+ al-Šanfarā (d. ca. 550)) eng=[Šarh] Dīwān Ğarīr ibn 'Atīyah (+ al-Šanfarā (d. ca. 550 CE )) ","dan=[Muhammad ibn Habīb al-Hāšimī] (d. 245 H [860] eng=[Muhammad ibn Habīb al-Hāšimī] (d. 245 H [860 CE ] "
    "./660/metsfile.xml","dan=Beda Venerabilis, Vita S. Cuthberti eng=Beda Venerabilis, Vita S. Cuthberti ","dan=Fragm. 527-528 eng=Fragm. 527-528 "
    "./95/metsfile.xml","dan=Dāstān-e Laylā va Mağnūn (895 H [1490]) eng=Dāstān-e Laylā va Mağnūn (895 H [1490]) ","dan=Maktabī-ye Šīnāzī (d. 916 H [1510/11]) eng=Maktabī-ye Šīnāzī (d. 916 H [1510/11 CE]) "
    "./504/metsfile.xml","dan=Portnerens søn (renskrift) ","dan=H.C. Andersen "
    "./22/metsfile.xml","dan=Von Recks tegninger eng=Von Reck's drawings ","dan=NKS 565 4º eng=NKS 565 4º "
    "./769/metsfile.xml","dan=Forfatterinden Karin Michaëlis. En registrant (1985) ","dan=Hanne Jespersen "
    "./49/metsfile.xml","dan=Lu'lu'at al-bahrayn fī al-iğāzah li-qurrat-ī al-'ayn eng=Lu'lu'at al-bahrayn fī al-iğāzah li-qurrat-ī al-'ayn ","dan=Yūsuf ibn Ahmad ibn Ibrāhīm al-Dirāzī al-Bahrānī (d. 1186 H [1772]) eng=Yūsuf ibn Ahmad ibn Ibrāhīm al-Dirāzī al-Bahrānī (d. 1186 H [1772 CE]) "
    "./561/metsfile.xml","dan=Hvorledes Kik fik Udmærkelse i Regning (utrykt) ","dan=H.C. Andersen "
    "./405/metsfile.xml","dan=Dagbog XXV ","dan=Jens Baggesen "
    "./341/metsfile.xml","dan=Cansang hebian 蠶桑和編 eng=Cansang hebian 蠶桑和編 ","dan=Lu, Yimei; Sha, Shiyan; Wei Moshen ji eng=Lu, Yimei; Sha, Shiyan; Wei Moshen ji "
    "./169/metsfile.xml","dan=Det er ganske vist! (renskrift) ","dan=H.C. Andersen "
    "./81/metsfile.xml","dan='Den menneskelige frelses spejl' eng=Speculum humanae salvationis ","dan=GKS 80 2º eng=GKS 80 2º "
    "./657/metsfile.xml","dan=Arban jüg-ün ejen geser qayan-u tuyuji orusiba eng=Arban jüg-ün ejen geser qayan-u tuyuji orusiba ","dan=Chen Shou 陳壽 (233-297) eng=Chen Shou 陳壽 (233-297) "
    "./541/metsfile.xml","dan=Ulenspieghel (Antwerpen: Michiel van Hoochstraten) eng=Ulenspieghel (Antwerp: Michiel van Hoochstraten) ","dan=Anonym eng=Anonymous "
    "./647/metsfile.xml","dan='Henrik Pontoppidan' ","dan=Georg Brandes "
    "./777/metsfile.xml","dan=Poemata heroica Hibernica [Cú Chonnacht Mág Uidhir] eng=Poemata heroica Hibernica [Cú Chonnacht Mág Uidhir] ","dan=NKS 268 b 2° eng=NKS 268 b 2° "
    "./427/metsfile.xml","dan=Guldskat (koncept) ","dan=H.C. Andersen "
    "./358/metsfile.xml","dan=Dagbog I ","dan=Jens Baggesen "
    "./770/metsfile.xml","dan=Hagens Samling ","dan=Nanna Schiødt m. fl. "
    "./152/metsfile.xml","dan=Ib og lille Christine (renskrift) ","dan=H.C. Andersen "
    "./129/metsfile.xml","dan=Svinedrengen (udkast) ","dan=H.C. Andersen "
    "./200/metsfile.xml","dan=En Historie fra Klitterne (udkast) ","dan=H.C. Andersen "
    "./10/metsfile.xml","dan=Šarh [kitāb] al-Ğiġmīni [or Šarh al-Mulahhas fī al-hay’ah] eng=Musa ibn Muhammad Mahmud al.Rumi Qadizade (d. 815 H [1412] / 840 H [1436 CE]) ","dan=Mūsa ibn Muhammad Mahmūd al-Rūmī Qadīzade (d. 815 H [1412] / 840 H [1436]) eng=Šarh [kitāb] al-Ğiġmīni [or Šarh al-Mulahhas fī al-hay’ah]] "
    "./2/metsfile.xml","dan=PnrManus1 eng=PnrManus1-AltLang ","dan=Peter Nybo eng=Peter Nybo - AltLang "
    "./400/metsfile.xml","dan=Dagbog XXIV ","dan=Jens Baggesen "
    "./537/metsfile.xml","dan=Dryaden (koncept) ","dan=H.C. Andersen "
    "./571/metsfile.xml","dan=Stormen flytter Skilt (trykmanuskript) ","dan=H.C. Andersen "
    "./329/metsfile.xml","dan=Canonum collectio Dionysiana eng=Canonum collectio Dionysiana ","dan=GKS 192 2° eng=GKS 192 2° "
    "./652/metsfile.xml","dan=Lucanus, Pharsalia eng=Lucanus, Pharsalia ","dan=GKS 2023 4° eng=GKS 2023 4° "
    "./710/metsfile.xml","dan=Brev til Hr. Lumby ","dan=Carl Nielsen "
    "./550/metsfile.xml","dan=Qvæk (udkast) ","dan=H.C. Andersen "
    "./451/metsfile.xml","dan=Fire sange for mandskor ","dan=P. Heise "
    "./374/metsfile.xml","dan=Theca V 53 eng=Theca V 53 ","dan=Col. Arb. Haun. eng=Col. Arb. Haun. "
    "./232/metsfile.xml","dan=Prosper Aquitanicus & al. eng=Prosper Aquitanicus & al. ","dan=Fabr. 86 4° eng=Fabr. 86 4° "
    "./250/metsfile.xml","dan=1-22 tekster eng=1-22 texts ","dan=Khen ze chin van (nr. 4) eng=Khen ze chin van (No. 4) "
    "./424/metsfile.xml","dan=Sølvskillingen (kladde) ","dan=H.C. Andersen "
    "./19/metsfile.xml","dan=Tycho Brahe: Stellarum eng=Tycho Brahe: Stellarum ","dan=GKS 607 2º eng=GKS 607 2º "
    "./223/metsfile.xml","dan=Tidebog eng=Book of Hours ","dan=GKS 1610 4º eng=GKS 1610 4º "
    "./578/metsfile.xml","dan=En Historie ","dan=H.C. Andersen "
    "./253/metsfile.xml","eng=Guaman Poma esp=Guaman Poma ","eng=GKS 2232 4º esp=GKS 2232 4º "
    "./589/metsfile.xml","dan=Oldefa'er (renskrift) ","dan=H.C. Andersen "
    "./147/metsfile.xml","dan=Under Piletræet (koncept) ","dan=H.C. Andersen "
    "./167/metsfile.xml","dan=Om Aartusinder (renskrift) ","dan=H.C. Andersen "
    "./430/metsfile.xml","dan=Folkesangens Fugl (koncept) ","dan=H.C. Andersen "
    "./145/metsfile.xml","dan=Et godt Humeur (renskrift) ","dan=H.C. Andersen "
    "./499/metsfile.xml","dan=Iisjomfruen (koncept) ","dan=H.C. Andersen "
    "./61/metsfile.xml","dan=Solinus, Collectanea eng=Solinus, Collectanea ","dan=GKS 444 2° eng=GKS 444 2° "
    "./103/metsfile.xml","dan=Rī'āz al-mohebbīn eng=Rī'āz al-mohebbīn ","dan=Rezā Qolī-Xān b. Mohammad Qolī Hedāyat Nūrī (1215-88 H [1800-1871]) eng=Rezā Qolī-Xān b. Mohammad Qolī Hedāyat Nūrī (1215-88 H [1800-1871 CE]) "
    "./671/metsfile.xml","eng=Stephanus Baluzius, epistolae ad J. G. Graevium ","eng=Thott 1258 4° "
    "./386/metsfile.xml","dan=Leo papa, Epistolae eng=Leo papa, Epistolae ","dan=GKS 1352 4° eng=GKS 1352 4° "
    "./6/metsfile.xml","dan=Tekster ","dan=Melanchthon, Luther, Bugenhagen "
    "./264/metsfile.xml","dan=Tadmīn Alfīyat ibn Mālik al-nahwīyah eng=Tadmīn Alfīyat ibn Mālik al-nahwīyah ","dan=Ibrāhīm ibn Ahmad al-Halabī (f. 672 H [1274]) eng=Ibrāhīm ibn Ahmad al-Halabī (b. 672 H [1274 CE]) "
    "./699/metsfile.xml","dan=Catalogus Codicum Latinorum Medii Ævi Bibliothecæ Regiæ Hafniensis eng=Catalogus Codicum Latinorum Medii Ævi Bibliothecæ Regiæ Hafniensis ","dan=Ellen Jørgensen eng=Ellen Jørgensen "
    "./364/metsfile.xml","dan=Dagbog IV ","dan=Jens Baggesen "
    "./624/metsfile.xml","dan=Glossae in auctores eng=Glossae in auctores ","dan=NKS 213 b 4° eng=NKS 213 b 4° "
    "./510/metsfile.xml","dan=Plinius, Historia Naturalis eng=Plinius, Historia Naturalis ","dan=Rostg. 160 2° 3 eng=Rostg. 160 2° 3 "
    "./693/metsfile.xml","dan=Det Kongelige Biblioteks Haandskriftsamling (1943). ","dan=Carl S. Petersen "
    "./470/metsfile.xml","dan=Sommergjækken (koncept) ","dan=H.C. Andersen "
    "./662/metsfile.xml","dan=Vitae Columbani abbatis discipulorumque eius eng=Vitae Columbani abbatis discipulorumque eius ","dan=Fragm. 529 eng=Fragm. 529 "
    "./418/metsfile.xml","dan=Det nye Aarhundredes Musa (koncept B) ","dan=H.C. Andersen "
    "./414/metsfile.xml","dan=Sneemanden (renskrift) ","dan=H.C. Andersen "
    "./435/metsfile.xml","dan=Nordboerne forsamle sig ","dan=P. Heise "
    "./207/metsfile.xml","dan=Ved det yderste Hav (renskrift) ","dan=H.C. Andersen "
    "./782/metsfile.xml","eng=Living Words & Luminous Pictures. Catalogue, 1999 ","eng=Erik Petersen "
    "./113/metsfile.xml","dan=Hieronymus, In Hieremiam prophetam eng=Hieronymus, In Hieremiam prophetam ","dan=Fragm. 3177-3179 eng=Fragm. 3177-3179 "
    "./498/metsfile.xml","dan=Den gamle Kirkeklokke (koncept) ","dan=H.C. Andersen "
    "./720/metsfile.xml","dan=Katalog over Universitetsbibliotekets Haandskrifter. 1. Del (1929) ","dan=Alfr. Krarup "
    "./261/metsfile.xml","dan=Canonum collectio Dionysiana eng=Canonum collectio Dionysiana ","dan=GKS 192 2° eng=GKS 192 2° "
    "./349/metsfile.xml","dan=al-Qur'ān (fra Persien) eng=al-Qur'ān (from Persia) ","dan=Koran eng=Koran "
    "./259/metsfile.xml","dan=1-6 tekster eng=1.-6 texts ","dan=Khen ze chin van (nr. 7) eng=Khen ze chin van (no. 7) "
    "./452/metsfile.xml","dan=Gravsang af Shakespeares Cymbeline ","dan=P. Heise "
    "./552/metsfile.xml","dan=Storkens Tanker (utrykt) ","dan=H.C. Andersen "
    "./30/metsfile.xml","dan=Psalterium eng=Psalterium ","dan=GKS 1605 4° eng=GKS 1605 4° "
    "./617/metsfile.xml","dan=Fru Marie Grubbe ","dan=J.P. Jacobsen "
    "./154/metsfile.xml","dan=Ved det yderste Hav (rettet afskrift) ","dan=H.C. Andersen "
    "./192/metsfile.xml","dan=Gaardhanen og Veirhanen (udkast) ","dan=H.C. Andersen "
    "./350/metsfile.xml","dan=Dianxin xinfa 電信新法 eng=Dianxin xinfa 電信新法 ","dan=Viguier, S. -A. - De Mingcai eng=Viguier, S. -A. - De Mingcai "
    "./15/metsfile.xml","dan=Æbelholtbogen ","dan=Add. 51 2º "
    "./153/metsfile.xml","dan=Den sidste Perle (renskrift) ","dan=H.C. Andersen "
    "./591/metsfile.xml","dan=Dagbog XXXIV b ","dan=Jens Baggesen "
    "./449/metsfile.xml","dan=Publilius Syrus, Sententiae ("Liber proverbiorum Senecae") eng=Publilius Syrus, Sententiae ("Liber proverbiorum Senecae") ","dan=GKS 1907 4° eng=GKS 1907 4° "
    "./416/metsfile.xml","dan=I Andegaarden (renskrift) ","dan=H.C. Andersen "
    "./188/metsfile.xml","dan=Et Stykke Perlesnor (koncept) ","dan=H.C. Andersen "
    "./425/metsfile.xml","dan=Bispen paa Børglum og hans Frænde (udkast) ","dan=H.C. Andersen "
    "./534/metsfile.xml","dan=Dagbog XXVII ","dan=Jens Baggesen "
    "./505/metsfile.xml","dan=Gudfaders Billedbog (rettet koncept) ","dan=H.C. Andersen "
    "./707/metsfile.xml","dan=Brev til Ebbe Hamerik, dat. 17. 2. 1931 ","dan=Carl Nielsen "
    "./761/metsfile.xml","dan=Biblioteksfortegnelse, "Schumachers liste" (1665) eng=Library records, "List of Schumacher" (1665) ","dan=KBs Arkiv E 8 a eng=RL Archive E 8 a "
    "./279/metsfile.xml","dan=Liber horarum eng=Liber horarum ","dan=GKS 1612 4° eng=GKS 1612 4° "
    "./220/metsfile.xml","dan="Kristinapsalteret" eng=The"Kristina Psalter" ","dan=GKS 1606 4º eng=GKS 1606 4º "
    "./478/metsfile.xml","dan=Dīwān [...] Muhammad [Wafā' al-Šādilī] eng=Dīwān [...] Muhammad [Wafā' al-Šādilī] ","dan=Muhammad [Wafā' ibn Muhammad al-Iskandarī al-Šād1lī] (d. 765 H [1363]) eng=Muhammad [Wafā' ibn Muhammad al-Iskandarī al-Šādilī] (d. 765 H [1363 CE]) "
    "./234/metsfile.xml","dan=Almanakker ","dan=H.C. Andersen "
    "./122/metsfile.xml","dan=Prindsessen paa Ærten ","dan=H.C. Andersen "
    "./102/metsfile.xml","dan=Qarābādīn-e qāderī eller Qarābādīn-e Arzānī eng=Qarābādīn-e qāderī or Qarābādīn-e Arzānī ","dan=Mīr Mohammad Akbar (Mohammad Arzānī) (d. 1134 H [1722]) eng=Mīr Mohammad Akbar (Mohammad Arzānī) (d. 1134 H [1722]) "
    "./31/metsfile.xml","dan=Claudius Ptolemaeus, Geographia (fragment) eng=Claudius Ptolemaeus, Geographia (fragment) ","dan=Fabricius 23 2º eng=Fabricius 23 2º "
    "./205/metsfile.xml","dan=Pen og Blækhuus (renskrift) ","dan=H.C. Andersen "
    "./501/metsfile.xml","dan=Seneca, Epistolae morales eng=Seneca, Epistolae morales ","dan=Fragm. 1622 eng=Fragm. 1622 "
    "./112/metsfile.xml","dan=Beda Venerabilis, In Proverbia Salomonis eng=Beda Venerabilis, In Proverbia Salomonis ","dan=Fragm. 1703 eng=Fragm. 1703 "
    "./163/metsfile.xml","dan=Svanereden (koncept) ","dan=H.C. Andersen "
    "./689/metsfile.xml","dan=An Account of the Ancient Monuments of Zeland ","dan=Charles Bertram "
    "./519/metsfile.xml","dan=Psalterium eng=Psalterium ","dan=Fragm. 3136 eng=Fragm. 3136 "
    "./300/metsfile.xml","dan=Isidorus, De natura rerum eng=Isidorus, De natura rerum ","dan=Fragm. 2809-2810 eng=Fragm. 2809-2810 "
    "./127/metsfile.xml","dan=De vilde Svaner (udkast) ","dan=H.C. Andersen "
    "./764/metsfile.xml","dan=Det Kongelige Biblioteks Arkiv indtil 1943 ","dan=H. Ilsøe og T. Svenstrup, red. "
    "./479/metsfile.xml","dan=[Dīwān Qānsūh al-Ġawrī] eng=[Dīwān Qānsūh al-Ġawrī] ","dan=Al-Sultān al-Malik al-Ašraf Qānsūh al-Ġawrī (d. 922 H [1516]) eng=Al-Sultān al-Malik al-Ašraf Qānsūh al-Ġawrī (d. 922 H [1516 CE]) "
    "./97/metsfile.xml","dan=Jo mo zhu lan (første titel af 27 tekster) eng=Jo mo zhu lan (first title of 27 texts) ","dan=Khen ze chin van eng=Khen ze chin van "
    "./181/metsfile.xml","dan=Taarnvægteren Ole (kladde) ","dan=H.C. Andersen "
    "./494/metsfile.xml","dan=Kartoflerne (koncept B) ","dan=H.C. Andersen "
    "./493/metsfile.xml","dan=Kartoflerne (koncept A) ","dan=H.C. Andersen "
    "./235/metsfile.xml","dan=Isidorus, Etymologiae eng=Isidorus, Etymologiae ","dan=GKS 422 2° eng=GKS 422 2° "
    "./438/metsfile.xml","dan=Sonate for cello og klaver i a-mol ","dan=P. Heise "
    "./339/metsfile.xml","dan=Kunnāš (digte) eng=Kunnāš (Poetry) ","dan=(Ahmad ibn al-Husayn al-Mutanabbī, d. 354 H [965]) eng=(Ahmad ibn al-Husayn al-Mutanabbī, d. 354 H [965 CE]) "
    "./295/metsfile.xml","dan=Augustinus, Epistulae eng=Augustinus, Epistulae ","dan=Fragm. 2850 eng=Fragm. 2850 "
    "./33/metsfile.xml","dan=Macrobius, Commentarii in Somnium Scipionis eng=Macrobius, Commentarii in Somnium Scipionis ","dan=NKS 218 4° eng=NKS 218 4° "
    "./718/metsfile.xml","dan=De illuminerede Haandskrifter fra Middelalderen i Det Store Kongelige Bibliothek ","dan=Chr. Bruun "
    "./760/metsfile.xml","dan=Willum Worm, Catalogus 1671 eng=Willum Worm, Catalogus 1671 ","dan=KBs Arkiv E 8 eng=RL Archive E 8 "
    "./428/metsfile.xml","dan=Stormen flytter Skilt (koncept) ","dan=H.C. Andersen "
    "./195/metsfile.xml","dan=Dynd-Kongens Datter (koncept) ","dan=H.C. Andersen "
    "./585/metsfile.xml","dan=Sneglen og Rosenhækken (udkast) ","dan=H.C. Andersen "
    "./403/metsfile.xml","dan=Dīwān ši'r ['Umārah al-Yamanī ] eng=Dīwān ši'r ['Umārah al-Yamanī ] ","dan='Umārah [ibn 'Alī ibn Zaydān] al-Hakamī al-Yamanī (d. 569 H [1174] eng='Umārah [ibn 'Alī ibn Zaydān] al-Hakamī al-Yamanī (d. 569 H [1174 CE] "
    "./249/metsfile.xml","dan=Priscianus, Institutiones Grammaticae eng=Priscianus, Institutiones Grammaticae ","dan=GKS 1988 4° eng=GKS 1988 4° "
    "./487/metsfile.xml","dan=Oldefa'er (koncept) ","dan=H.C. Andersen "
    "./612/metsfile.xml","dan=Devīmāhātmya (Nārāyani-stutti) fragtment (10 blade) eng=Devīmāhātmya (Nārāyani-stutti) fragtment (10 leaves) ","dan=Anonym eng=Anonymous "
    "./633/metsfile.xml","dan=Dagbog XLIV ","dan=Jens Baggesen "
    "./333/metsfile.xml","dan=Cicero, De inventione. Rhetorica ad Herennium. Boethius, De diff. topicis IV eng=Cicero, De inventione. Rhetorica ad Herennium. Boethius, De diff. topicis IV ","dan=NKS 214 b 4° eng=NKS 214 b 4° "
    "./347/metsfile.xml","dan=Al-Dīwān eng=Al-Dīwān ","dan=Šihāb al-Dīn Ahmad ibn al-Husayn Ibn al-'Ulayf al-Makkī (d. 926 H [1520] eng=Šihāb al-Dīn Ahmad ibn al-Husayn Ibn al-'Ulayf al-Makkī (d. 926 H [1520 CE] "
    "./230/metsfile.xml","dan=Marculfus, Formulae eng=Marculfus, Formulae ","dan=Fabr. 84 8° eng=Fabr. 84 8° "
    "./233/metsfile.xml","dan=Vitae sanctorum eng=Vitae sanctorum ","dan=GKS 170 2° eng=GKS 170 2° "
    "./557/metsfile.xml","dan=En Humlestang (utrykt) ","dan=H.C. Andersen "
    "./658/metsfile.xml","dan=Skitsebog ","dan=Jørgen Brønlund "
    "./700/metsfile.xml","dan=Udsigt over den gamle Manuscript=Samling i det store Kongelige Bibliothek (1786) ","dan=John Erichsen "
    "./595/metsfile.xml","dan=Dagbog XXXVII ","dan=Jens Baggesen "
    "./432/metsfile.xml","dan=Sange arrangeret af Heise for mandskor ","dan=P. Heise "
    "./32/metsfile.xml","dan=Kitāb al-ukar li-Tāwudusiyus / Al-Hāsiyah / Durrat al-gawas fi awham al-hawas eng=Kitāb al-ukar li-Tāwudusiyus / Al-Hāsiyah / Durrat al-gawas fi awham al-hawas ","dan=Nasīr al-Dīn al-Tūsī (d. 672 H [ 1274]) / Bahā' al-Dīn Muhammad [al-'Ālimī] eng=Nasīr al-Dīn al-Tūsī (d. 672 H [ 1274 CE]) / Bahā' al-Dīn Muhammad [al-'Ālimī] "
    "./262/metsfile.xml","dan=Dagbog V ","dan=Jens Baggesen "
    "./744/metsfile.xml","dan=Dagbogsoptegnelser 1857-74 ","dan=Georg Brandes "
    "./437/metsfile.xml","dan=Smaa Compositioner for Regine og Caroline Holsøe ","dan=P. Heise "
    "./310/metsfile.xml","dan=Biblia, I Macchabaeorum eng=Biblia, I Macchabaeorum ","dan=Fragm. 2796-2797 eng=Fragm. 2796-2797 "
    "./184/metsfile.xml","dan=Tante Tandpine (renskrift) ","dan=H.C. Andersen "
    "./556/metsfile.xml","dan=Fedtepletten (utrykt) ","dan=H.C. Andersen "
    "./397/metsfile.xml","dan=Drot og Marsk ","dan=P. Heise "
    "./644/metsfile.xml","dan=Alanus ab Insulis, Anticlaudianus eng=Alanus ab Insulis, Anticlaudianus ","dan=GKS 2035 4° eng=GKS 2035 4° "
    "./355/metsfile.xml","dan=Cort Adeler i Venedig ","dan=P. Heise "
    "./518/metsfile.xml","dan=Liturgica eng=Liturgica ","dan=Fragm. 3130 eng=Fragm. 3130 "
    "./587/metsfile.xml","dan=To Brødre (renskrift) ","dan=H.C. Andersen "
    "./446/metsfile.xml","dan=Bispen paa Børglum og hans Frænde (kladde) ","dan=H.C. Andersen "
    "./739/metsfile.xml","dan=Dagbog 1907 ","dan=Jørgen Brønlund "
    "./229/metsfile.xml","dan=Manuscrits espagnols de Copenhague eng=Manuscrits espagnols de Copenhague ","dan=P. Högberg eng=P. Högberg "
    "./746/metsfile.xml","dan=Gyllene Böcker (1952) eng="Golden Books" (in Swedish) ","dan=Kåre Olsen og Carl Nordenfalk (red.) eng=Kåre Olsen and Carl Nordenfalk (ed.) "
    "./623/metsfile.xml","dan=Læren om Staten ","dan=Jens August Schade "
    "./477/metsfile.xml","dan=Hønse-Grethes Familie (renskrift) ","dan=H.C. Andersen "
    "./199/metsfile.xml","dan="Deilig!" (renskrift) ","dan=H.C. Andersen "
    "./667/metsfile.xml","dan=Stambog II ","dan=G. L. Lahde "
    "./590/metsfile.xml","dan=Rūz-nāmah-ye safar beh Khorāsān 1283 H [1866] eng=Rūz-nāmah-ye safar beh Khorāsān 1283 H [1866 CE] ","dan=Nāser al-Dīn Šāh Qāğār (1264-1313 H [1831-96]) eng=Nāser al-Dīn Šāh Qāğār (1264-1313 H [1831-96 CE]) "
    "./255/metsfile.xml","dan=Baht al-matālib wa-hatt al-tālib eng=Baht al-matālib wa-hatt al-tālib ","dan=Ğibrīl ibn Farhāt al-Halabī al-Mārūnī (d. 1732) eng=Ğibrīl ibn Farhāt al-Halabī al-Mārūnī (d. 1732 CE) "
    "./323/metsfile.xml","dan=Xinjuan quanxiang Mayi xiangfa eng=Xinjuan quanxiang Mayi xiangfa ","dan=Anonym eng=Anonymous "
    "./545/metsfile.xml","dan=Æblet ","dan=H.C. Andersen "
    "./678/metsfile.xml","dan=Beskrivelse af Grønland og Skálholt-kortet eng=Description of Greenland and the Skálholt Map ","dan=Biørn Jonsen paa Skarsaa eng=Biørn Jonsen of Skarsaa "
    "./458/metsfile.xml","dan=Flyttedagen (kladde) ","dan=H.C. Andersen "
    "./45/metsfile.xml","dan=Tārix-e enqelāb-e Azarbāyğān va balvā-ye Tabrīz, 1326-27 H. [1908-09] eng=Tārix-e enqelāb-e Azarbāyğān va balvā-ye Tabrīz, 1326-27 H. [1908-09 CE] ","dan=Mohammad Bāqer eng=Mohammad Bāqer "
    "./89/metsfile.xml","dan=Prosper Aquitanicus & al. eng=Prosper Aquitanicus & al. ","dan=Fabr. 43 4° eng=Fabr. 43 4° "
    "./419/metsfile.xml","dan=Det nye Aarhundredes Musa (renskrift) ","dan=H.C. Andersen "
    "./56/metsfile.xml","dan=Cicero, De inventione. Rhetorica ad Herennium eng=Cicero, De inventione. Rhetorica ad Herennium ","dan=GKS 1998 4° eng=GKS 1998 4° "
    "./731/metsfile.xml","dan=Det Tiranni som Muscouiteren haffuer bedreffuit i Liffland (København [1577?]) eng=Det Tiranni som Muscouiteren haffuer bedreffuit i Liffland (Copenhagen [1577?]) ","dan=Anonym eng=Anonymous "
    "./236/metsfile.xml","dan=Sallustius, opera eng=Sallustius, opera ","dan=Fabr. 83 8° eng=Fabr. 83 8° "
    "./331/metsfile.xml","dan=Ovidius, Metamorphoses eng=Ovidius, Metamorphoses ","dan=GKS 2008 4° eng=GKS 2008 4° "
    "./326/metsfile.xml","dan=Theca IV 9 b eng=Theca IV 9 b ","dan=Col. Arb. Haun. eng=Col. Arb. Haun. "
    "./93/metsfile.xml","dan=Cicero, Paradoxa Stoicorum. Excerpta & alia eng=Cicero, Paradoxa Stoicorum. Excerpta & alia ","dan=GKS 3543 8° eng=GKS 3543 8° "
    "./527/metsfile.xml","dan=Saxo, Gesta Danorum, yngre fragmenter eng=Saxo, Gesta Danorum, fragmenta recentiora ","dan=NKS 570 2° eng=NKS 570 2° "
    "./151/metsfile.xml","dan=Ib og lille Christine (kladde) ","dan=H.C. Andersen "
    "./500/metsfile.xml","dan=Miracula sancti Theogari eng=Miracula sancti Theogari ","dan=NKS 3249 4° eng=NKS 3249 4° "
    "./284/metsfile.xml","dan=Origenes, Homiliae in Evangelium Lucae eng=Origenes, Homiliae in Evangelium Lucae ","dan=Rostg. 160 2° 11 eng=Rostg. 160 2° 11 "
    "./484/metsfile.xml","dan=Lykken kan ligge i en Pind (renskrift) ","dan=H.C. Andersen "
    "./286/metsfile.xml","dan=Liber usuum Cisterciensium monachorum eng=Liber usuum Cisterciensium monachorum ","dan=Fabr. 44 4° eng=Fabr. 44 4° "
    "./759/metsfile.xml","dan=E don var 140 kvart ","dan=Esrombogen "
    "./319/metsfile.xml","dan=Iuvenalis, Saturae eng=Iuvenalis, Saturae ","dan=GKS 2032 4° eng=GKS 2032 4° "
    "./248/metsfile.xml","dan=Hildebertus Cenomanensis eng=Hildebertus Cenomanensis ","dan=GKS 45 2° eng=GKS 45 2° "
    "./711/metsfile.xml","dan=Brev til J. A. Josephson, dat. 27. 1. 1876 ","dan=J.P.E. Hartmann "
    "./44/metsfile.xml","dan=Beda, De virtutibus sancti Cuthberti. Libellus cuiusdam sapientis eng=Beda, De virtutibus sancti Cuthberti. Libellus cuiusdam sapientis ","dan=GKS 2034 4° eng=GKS 2034 4° "
    "./497/metsfile.xml","dan=Den gamle Kirkeklokke (udkast) ","dan=H.C. Andersen "
    "./775/metsfile.xml","dan=Liber horarum eng=Liber horarum ","dan=Thott 541 4° eng=Thott 541 4° "
    "./615/metsfile.xml","dan=Priscianus, Institutiones Grammaticae eng=Priscianus, Institutiones Grammaticae ","dan=GKS 1989 4° eng=GKS 1989 4° "
    "./474/metsfile.xml","dan=Hønse-Grethes Familie (udkast) ","dan=H.C. Andersen "
    "./297/metsfile.xml","dan=Hieronymus, In Aggaeum eng=Hieronymus, In Aggaeum ","dan=Fragm. 2859-2860 eng=Fragm. 2859-2860 "
    "./173/metsfile.xml","dan="Alt paa sin rette Plads!" (koncept) ","dan=H.C. Andersen "
    "./117/metsfile.xml","dan=Calendarium eng=Calendarium ","dan=Thott 239 2° eng=Thott 239 2° "
    "./540/metsfile.xml","dan=Dagbog XXX ","dan=Jens Baggesen "
    "./559/metsfile.xml","dan=Ivede avede! (utrykt) ","dan=H.C. Andersen "
    "./555/metsfile.xml","dan=Hønsehuset (utrykt) ","dan=H.C. Andersen "
    "./774/metsfile.xml","dan=Libellus narrationum eng=Libellus narrationum ","dan=NKS 135 c 8° eng=NKS 135 c 8° "
    "./767/metsfile.xml","dan=Håndskrifter i Karen Brahes Bibliotek ","dan=Anne Riising "
    "./751/metsfile.xml","dan=Sørgeligt Spectackel oc Vundertegn ... (København: Henrich Waldkirch, 1625) eng=Sørgeligt Spectackel oc Vundertegn ... (Copenhagen: Henrich Waldkirch, 1625) ","dan=Hans Nielsøn eng=Hans Nielsøn "
    "./216/metsfile.xml","dan=Aarets Historie (renskrift) ","dan=H.C. Andersen "
    "./59/metsfile.xml","dan=Masnavī ma'navī, 7. bog (daftar) eng=Masnavī ma'navī, 7th book (daftar) ","dan=Mavlānā Ğalāl al-Dīn Mohammad Balxī, Rūmī (d. 672 H [1273] eng=Mavlānā Ğalāl al-Dīn Mohammad Balxī, Rūmī (d. 672 H [1273 CE] "
    "./106/metsfile.xml","dan=Commentarii in Prudentii Psychomachiam & in Carmen Paschale Sedulii eng=Commentarii in Prudentii Psychomachiam & in Carmen Paschale Sedulii ","dan=GKS 1346 4° eng=GKS 1346 4° "
    "./155/metsfile.xml","dan=Pengegrisen (renskrift) ","dan=H.C. Andersen "
    "./597/metsfile.xml","dan=Dagbog XIL ","dan=Jens Baggesen "
    "./570/metsfile.xml","dan=Guldskat (trykmanuskript) ","dan=H.C. Andersen "
    "./715/metsfile.xml","dan=Katalog over Det Kongelige Biblioteks Haandskrifter vedr. Dansk Personalhistorie ","dan=C. Behrend "
    "./211/metsfile.xml","dan=Lille Tuk (renskrift) ","dan=H.C. Andersen "
    "./732/metsfile.xml","dan=Horticultura Danica (København: Peter Hake, 1647) eng=Horticultura Danica (Copenhagen: Peter Hake, 1647) ","dan=Hans Raszmussøn Block eng=Hans Raszmussøn Block "
    "./88/metsfile.xml","dan=Ovidius, Metamorphoses (fragm.) eng=Ovidius, Metamorphoses (fragm.) ","dan=NKS 56 2° eng=NKS 56 2° "
    "./123/metsfile.xml","dan=Den lille Idas Blomster (koncept) ","dan=H.C. Andersen "
    "./96/metsfile.xml","dan=Ketāb-e mas'alat bā havāsī eng=Ketāb-e mas'alat bā havāsī ","dan=Šayx Mohammad Hasan al-Hosaynī eng=Šayx Mohammad Hasan al-Hosaynī "
    "./632/metsfile.xml","dan=Dagbog XLIII ","dan=Jens Baggesen "
    "./620/metsfile.xml","dan=Enten-Eller (Forord) ","dan=Søren Kierkegaard "
    "./753/metsfile.xml","dan=liber precum, Neerlandice eng=liber precum, Neerlandice ","dan=Fabr. 97 8° eng=Fabr. 97 8° "
    "./391/metsfile.xml","dan=Kvartet for fire strygeinstrumenter i A-dur ","dan=P. Heise "
    "./73/metsfile.xml","dan=Evangelia IV eng=Evangelia IV ","dan=GKS 11 2° eng=GKS 11 2° "
    "./4/metsfile.xml","dan=Billedbog eng=Picture-Book ","dan=H. C. Andersen eng=Hans Christian Andersen "
    "./729/metsfile.xml","dan=Ny Tiender Om tho Jesuwiter (København: Lorentz Benedicht, 1581) eng=Ny Tiender Om tho Jesuwiter (Copenhagen: Lorentz Benedicht, 1581) ","dan=Anonym eng=Anonymous "
    "./148/metsfile.xml","dan=Fem fra en Ærtebælg (koncept) ","dan=H.C. Andersen "
    "./440/metsfile.xml","dan=Trio i Es-dur for klaver, violin og cello ","dan=P. Heise "
    "./378/metsfile.xml","dan=Adam Bremensis, Gesta Hammaburgensis ecclesiae pontificum eng=Adam Bremensis, Gesta Hammaburgensis ecclesiae pontificum ","dan=GKS 2296 4° eng=GKS 2296 4° "
    "./568/metsfile.xml","dan=Veirmøllen (trykmanuskript) ","dan=H.C. Andersen "
    "./697/metsfile.xml","dan=Dagbog paa en Tydsklands Reise 1831 ","dan=H.C. Andersen "
    "./543/metsfile.xml","dan=[Temperamenterne] ","dan=H.C. Andersen "
    "./74/metsfile.xml","dan=Soltān Mahmūd Ğaznavī va Ayāz (Masnavī) eng=Soltān Mahmūd Ğaznavī va Ayāz (Masnavī) ","dan=Mavlānā Hakīm Zolālī Xvānsārī (d. 1024 H [1615]) eng=Mavlānā Hakīm Zolālī Xvānsārī (d. 1024 H [1615 CE]) "
    "./258/metsfile.xml","dan=Registrum liberarie Studii Erfordensis eng=Registrum liberarie Studii Erfordensis ","dan=Fabr. 20 2° eng=Fabr. 20 2° "
    "./239/metsfile.xml","dan=1-30 tekster eng=1-30 texts ","dan=Khen ze chin van (nr. 3) eng=Khen ze chin van (No. 3) "
    "./372/metsfile.xml","dan=Codices Indici Bibliothecæ Regiæ Havniensis eng=Codices Indici Bibliothecæ Regiæ Havniensis ","dan=Westergard, N. L. eng=Westergard, N. L. "
    "./422/metsfile.xml","dan=Sneglen og Rosenhækken ","dan=H.C. Andersen "
    "./594/metsfile.xml","dan=Evangelia IV eng=Evangelia IV ","dan=Rostg. 160 2° 8 eng=Rostg. 160 2° 8 "
    "./304/metsfile.xml","dan=Homiliarium eng=Homiliarium ","dan=Fragm. 3127 eng=Fragm. 3127 "
    "./309/metsfile.xml","dan=Igaku shiyō shō : jūshikei keibiki no ben eng=Igaku shiyō shō : jūshikei keibiki no ben ","dan=Anonym eng=Anonymous "
    "./208/metsfile.xml","dan=Dynd-Kongens Datter (renskrift) ","dan=H.C. Andersen "
    "./75/metsfile.xml","dan=Legender eng=Legends ","dan=Thott 517 4º eng=Thott 517 4º "
    "./476/metsfile.xml","dan=Konge, Dame og Knægt [Herrebladene] (koncept) ","dan=H.C. Andersen "
    "./293/metsfile.xml","eng=מורה נבוכים Moreh nevukhim / Guide for the Perplexed dan=מורה נבוכים Vejledning for rådvilde ","eng=משה בן מימון Moshe ben Maimon dan=משה בן מימון Maimonides (Moses ben Maimon) "
    "./588/metsfile.xml","dan=Lykken kan ligge i en Pind (renskrift) ","dan=H.C. Andersen "
    "./289/metsfile.xml","dan=Maudgalyāyana (Molon toyin) legende eng=Maudgalyāyana (Molon toyin) legend ","dan=Anonym eng=Anonymous "
    "./672/metsfile.xml","dan=Mongolske eventyr fra Tsakhar eng=Folktales from Tsakhar ","dan=Anonym eng=Anonymous "
    "./270/metsfile.xml","dan='Imād al-balāġah eng='Imād al-balāġah ","dan='Abd al-Ra'ūf al Munāwī (d. 1031 H [1621]) eng='Abd al-Ra'ūf al Munāwī (d. 1031 H [1621 CE]) "
    "./787/metsfile.xml","dan=PnrManusNy eng=PnrManusNy-Altlang ","dan=Peter Nybo eng=Peter Nybo - AltLang "
    "./616/metsfile.xml","eng=Les marques typographiques parisiennes des XVe et XVIe siècles ","eng=Ph. Renouard "
    "./318/metsfile.xml","dan=Persius, Saturae eng=Persius, Saturae ","dan=GKS 2028 4° eng=GKS 2028 4° "
    "./353/metsfile.xml","dan=Bergliot ","dan=P. Heise "
    "./515/metsfile.xml","dan=Augustinus, De civitate dei eng=Augustinus, De civitate dei ","dan=Fragm. 3133 eng=Fragm. 3133 "
    "./214/metsfile.xml","eng=Printers' and Publishers' Devices in England 1485-1640. III: Devices ","eng=Ronald B. McKerrow "
    "./118/metsfile.xml","dan=Fyrtøiet (koncept) ","dan=H.C. Andersen "
    "./70/metsfile.xml","dan=Martyrium S. Timothei. Vita S. Hilarii eng=Martyrium S. Timothei. Vita S. Hilarii ","dan=Fabr. 41 4° eng=Fabr. 41 4° "
    "./579/metsfile.xml","dan=Den stumme Bog ","dan=H.C. Andersen "
    "./12/metsfile.xml","dan=Ershiba fojiao zhi xiang (28 billeder af buddhistiske figurer) eng=Ershiba fojiao zhi xiang (28 pictures of Buddhist figures) ","dan=Anonym eng=Anonymous "
    "./569/metsfile.xml","dan=Sølvskillingen (trykmanuskript) ","dan=H.C. Andersen "
    "./396/metsfile.xml","dan=Dagbog XIX-XX ","dan=Jens Baggesen "
    "./133/metsfile.xml","dan=Grantræet (koncept) ","dan=H.C. Andersen "
    "./726/metsfile.xml","dan=INDEX CODICUM MANUSCRIPTORUM ","dan=Bibliotheca Thottiana "
    "./601/metsfile.xml","dan=Marionetspilleren ","dan=H.C. Andersen "
    "./619/metsfile.xml","dan=Cicero, De senectute eng=Cicero, De senectute ","dan=GKS 3542 8° eng=GKS 3542 8° "
    "./197/metsfile.xml","dan=Taarnvægteren Ole (koncept) ","dan=H.C. Andersen "
    "./456/metsfile.xml","dan=Folkesangens Fugl (udkast) ","dan=H.C. Andersen "
    "./157/metsfile.xml","dan=Pebersvendens Nathue ","dan=H.C. Andersen "
    "./36/metsfile.xml","dan=Ta'līq al-fawādil 'alā i'rāb al-'Awāmil (grammatik) eng=Ta'līq al-fawādil 'alā i'rāb al-'Awāmil (grammar) ","dan=Husayn ibn Ahmad al-Šahīr bi-Zaynī zādeh (d. 1168 H [1755]) eng=Husayn ibn Ahmad al-Šahīr bi-Zaynī zādeh (d. 1168 H [1755 CE]) "
    "./517/metsfile.xml","dan=Liturgica eng=Liturgica ","dan=Fragm. 3131 eng=Fragm. 3131 "
    "./260/metsfile.xml","dan=Origenes, In epistulam ad Romanos eng=Origenes, In epistulam ad Romanos ","dan=GKS 1338 4° eng=GKS 1338 4° "
    "./691/metsfile.xml","dan=Arkivregistrant ","dan=Georg Brandes "
    "./231/metsfile.xml","dan=Theodolus. Avianus. Physiologus Theobaldi eng=Theodolus. Avianus. Physiologus Theobaldi ","dan=Fabr. 85 8° eng=Fabr. 85 8° "
    "./144/metsfile.xml","dan=Et godt Humeur (kladde) ","dan=H.C. Andersen "
    "./506/metsfile.xml","dan=Kometen (kladde) ","dan=H.C. Andersen "
    "./431/metsfile.xml","dan=Arnes Sang ","dan=P. Heise "
    "./276/metsfile.xml","dan=Ovidius, Fasti eng=Ovidius, Fasti ","dan=GKS 2010 4° eng=GKS 2010 4° "
    "./362/metsfile.xml","dan=Tornerose ","dan=P. Heise "
    "./370/metsfile.xml","dan=Epistler og Evangelier som læses alle søndage (Paris 1515) eng=Epistler og Evangelier som læses alle søndage (Paris 1515) ","dan=Christiern Pedersen eng=Christiern Pedersen "
    "./150/metsfile.xml","dan=Klods-Hans ","dan=H.C. Andersen "
    "./280/metsfile.xml","dan=Iustinus, Epitoma (fragm.) eng=Iustinus, Epitoma (fragm.) ","dan=NKS 3250 4° eng=NKS 3250 4° "
    "./733/metsfile.xml","dan=Regne Bog (Wittenberg: Jürg. Rhaws arvinger, 1552) eng=Regne Bog (Wittenberg: Jürg. Rhaw’s heirs, 1552) ","dan=Anonym eng=Anonymous "
    "./467/metsfile.xml","dan=Peiter, Peter og Peer (renskrift) ","dan=H.C. Andersen "
    "./190/metsfile.xml","dan=Pen og Blækhuus (koncept) ","dan=H.C. Andersen "
    "./625/metsfile.xml","dan=Liber Trotula eng=Liber Trotula ","dan=GKS 1657 4° eng=GKS 1657 4° "
    "./546/metsfile.xml","dan="Man siger - "! [Hvad man fortæller] (koncept) ","dan=H.C. Andersen "
    "./454/metsfile.xml","dan=Musik til Fjeldsøen ","dan=P. Heise "
    "./602/metsfile.xml","dan=Moster (koncept) ","dan=H.C. Andersen "
    "./1/metsfile.xml","dan=PnrManus1 eng=PnrManus1-AltLang ","dan=Peter Nybo eng=Peter Nybo - AltLang "
    "./628/metsfile.xml","dan=Personen på toppen ","dan=Per Højholt "
    "./116/metsfile.xml","dan=Gregorius Turonensis, Historia Francorum (fragm.) eng=Gregorius Turonensis, Historia Francorum (fragm.) ","dan=Rostg. 160 2° (1) eng=Rostg. 160 2° (1) "
    "./352/metsfile.xml","dan=x ","dan=x "
    "./538/metsfile.xml","dan=Portnøglen (koncept) ","dan=H.C. Andersen "
    "./375/metsfile.xml","dan=Comment. in opera Ovidii & Ciceronis. Definitiones eng=Comment. in opera Ovidii & Ciceronis. Definitiones ","dan=GKS 2015 4° eng=GKS 2015 4° "
    "./332/metsfile.xml","dan=Martianus Capella. Boethius eng=Martianus Capella. Boethius ","dan=GKS 421 2° eng=GKS 421 2° "
    "./461/metsfile.xml","dan=Gudfaders Billedbog (kladde) ","dan=H.C. Andersen "
    "./666/metsfile.xml","dan=Stambog I ","dan=G. L. Lahde "
    "./40/metsfile.xml","dan=Vergilius, Aeneis (cum glossis) eng=Vergilius, Aeneis (cum glossis) ","dan=GKS 2006 4° eng=GKS 2006 4° "
    "./778/metsfile.xml","dan=Otto Fabricius, Zoologiske Samlinger, 2 eng=Otto Fabricius, Zoological Collections, 2 ","dan=NKS 322 d 4° eng=NKS 322 d 4° "
    "./547/metsfile.xml","dan="Man siger - "! ","dan=H.C. Andersen "
    "./472/metsfile.xml","dan=Hvem var den Lykkeligste? (koncept) ","dan=H.C. Andersen "
    "./312/metsfile.xml","dan=1-40 tekster eng=1-40 texts ","dan=Khen ze chin van (nr. 8) eng=Khen ze chin van (nr. 8) "
    "./142/metsfile.xml","dan=Aarets Historie (koncept) ","dan=H.C. Andersen "
    "./417/metsfile.xml","dan=Det nye Aarhundredes Musa (koncept A) ","dan=H.C. Andersen "
    "./383/metsfile.xml","dan=Shīrīn-e Ebārat-e Nūsh-Afarīn va gavhar-e tādj eng=Shīrīn-e Ebārat-e Nūsh-Afarīn va gavhar-e tādj ","dan=Anonym eng=Anonymous "
    "./120/metsfile.xml","dan=al-Rawdah al-bahīyhah fī šarh al-Lum'ah al-dimašqīyah, bind 1 eng=al-Rawdah al-bahīyhah fī šarh al-Lum'ah al-dimašqīyah, vol. 1 ","dan=Zayn al-Dīn [ibn] 'Alī ibn Ahmad al-Šāmī al-'Āmilī [al-Šahīd al-tānī] (d. 966 H [1559] eng=Zayn al-Dīn [ibn] 'Alī ibn Ahmad al-Šāmī al-'Āmilī [al-Šahīd al-tānī] (d. 966 H [1559 ] "
    "./218/metsfile.xml","dan=Speculum humanae salvationis eng=Speculum humanae salvationis ","dan=GKS 79 2º eng=GKS 79 2º "
    "./114/metsfile.xml","dan=Gregorius Turonensis, Historia Francorum (fragm.) eng=Gregorius Turonensis, Historia Francorum (fragm.) ","dan=NKS 252 b 2° eng=NKS 252 b 2° "
    "./379/metsfile.xml","dan=Farlige Drømme ","dan=P. Heise "
    "./768/metsfile.xml","dan=Den ledreborgske Haandskriftsamling ","dan=T. A. Becker "
    "./453/metsfile.xml","dan=Gudruns Sorg ","dan=P. Heise "
    "./308/metsfile.xml","dan=Dagbog X ","dan=Jens Baggesen "
    "./204/metsfile.xml","dan=Børnesnak (renskrift, sidste form) ","dan=H.C. Andersen "
    "./243/metsfile.xml","dan=Hieronymus, Epistolae eng=Hieronymus, Epistolae ","dan=GKS 28 2° eng=GKS 28 2° "
    "./237/metsfile.xml","dan=Evangelia IV eng=Evangelia IV ","dan=GKS 1347 4° eng=GKS 1347 4° "
    "./584/metsfile.xml","dan=Dagbog XXXIV a ","dan=Jens Baggesen "
    "./462/metsfile.xml","dan=Laserne (koncept A) ("I Kludebunken") ","dan=H.C. Andersen "
    "./90/metsfile.xml","esp=Inventario parcial de documentos españoles ","esp=Leon Tello "
    "./682/metsfile.xml","dan=Dagbog juli 1863 - 4. august 1867 ","dan=Georg Brandes "
    "./457/metsfile.xml","dan=Gjemt er ikke glemt (renskrift) ","dan=H.C. Andersen "
    "./228/metsfile.xml","eng=Composición de tierras esp=Composición de tierras ","eng=ADA esp=ADA "
    "./384/metsfile.xml","dan=Iuvenalis, Saturae eng=Iuvenalis, Saturae ","dan=GKS 2030 4° eng=GKS 2030 4° "
    "./692/metsfile.xml","dan=Arkivregistratur ","dan=Karen Blixen "
    "./669/metsfile.xml","dan=G. L. Lahdes stambøger. Indhold ","dan=Dyveke Helsted "
    "./46/metsfile.xml","dan=Arba'ūna hadīt eng=Arba'ūna hadīt ","dan=Bahā' al-Dīn Muhammad [ibn Husayn ibn 'abd al-Samad] al-'Āmilī (d. 1622) eng=Bahā' al-Dīn Muhammad [ibn Husayn ibn 'abd al-Samad] al-'Āmilī (d. 1622 CE) "
    "./202/metsfile.xml","dan=Den lille Pige med Svovlstikkerne (renskrift) ","dan=H.C. Andersen "
    "./758/metsfile.xml","fre=Notes et travaux préparatoires pour le Dictionnaire historique et critique. ","fre=Pierre Bayle polygraphe "
    "./481/metsfile.xml","dan=Hvad Tidselen oplevede (renskrift B) ","dan=H.C. Andersen "
    "./263/metsfile.xml","dan=Miscellanea eng=Miscellanea ","dan=Fabr. 89 4° eng=Fabr. 89 4° "
    "./656/metsfile.xml","dan=Nasā'īh al-muluk eng=Nasā'īh al-muluk ","dan=Anonym eng=Anonymous "
    "./426/metsfile.xml","dan=Guldskat ("Brandtrommen") (udkast) ","dan=H.C. Andersen "
    "./719/metsfile.xml","dan=Katalog over Det store kongelige Bibliotheks Haandskrifter. Første Bind (1903) ","dan=E. Gigas "
    "./143/metsfile.xml","dan=Det er ganske vist! (koncept) ","dan=H.C. Andersen "
    "./314/metsfile.xml","dan=Dagbog XIII ","dan=Jens Baggesen "
    "./763/metsfile.xml","ger=Codices Graeci Haunienses ","ger=Bjarne Schartau "
    "./411/metsfile.xml","dan=Hvad Fatter gjør, det er altid det Rigtige (koncept) ","dan=H.C. Andersen "
    "./387/metsfile.xml","dan=Lucanus, Pharsalia eng=Lucanus, Pharsalia ","dan=GKS 2021 4° eng=GKS 2021 4° "
    "./581/metsfile.xml","dan=Dagbog XXXI ","dan=Jens Baggesen "
    "./76/metsfile.xml","dan=Tidebog eng=Book of Hours ","dan=Thott 547 4º eng=Thott 547 4º "
    "./773/metsfile.xml","dan=De Vises Steen. Et Eventyr ","dan=H.C. Andersen "
    "./291/metsfile.xml","dan=Hegesippus, Historiae eng=Hegesippus, Historiae ","dan=Fragm. 2799-2800 eng=Fragm. 2799-2800 "
    "./324/metsfile.xml","dan=Dianbao jielüe 電報節畧 eng=Dianbao jielüe 電報節畧 ","dan=Schultz, Christian Adrian eng=Schultz, Christian Adrian "
    "./47/metsfile.xml","dan=Šarh al-Ğawšan eng=Šarh al-Ğawšan ","dan=al-Hādī ibn al-Mahdī al Sabzawārī [al-Šīrāzī] (d. 1878 eller 1872) eng=al-Hādī ibn al-Mahdī al Sabzawārī [al-Šīrāzī] (d. 1878 or 1872 CE) "
    "./521/metsfile.xml","dan=Lectionarium eng=Lectionarium ","dan=Fragm. 3128-3129 eng=Fragm. 3128-3129 "
    "./98/metsfile.xml","dan=Gregorius Turonensis, Historiae sive Historia Francorum eng=Gregorius Turonensis, Historiae sive Historia Francorum ","dan=NKS 1878 2° eng=NKS 1878 2° "
    "./565/metsfile.xml","dan=Hjemlig (utrykt) ","dan=H.C. Andersen "
    "./603/metsfile.xml","dan=Hvad gamle Johanne fortalte (koncept) ","dan=H.C. Andersen "
    "./171/metsfile.xml","dan=Fem fra en Ærtebælg (renskrift) ","dan=H. C. Andersen "
    "./576/metsfile.xml","dan=Fugl Phønix ","dan=H.C. Andersen "
    "./443/metsfile.xml","dan=Marsch for Akademisk Skyttekorps ","dan=P. Heise "
    "./172/metsfile.xml","dan=Under Piletræet (renskrift) ","dan=H.C. Andersen "
    "./485/metsfile.xml","dan=Kometen (renskrift) ","dan=H.C. Andersen "
    "./168/metsfile.xml","dan="Hun duede ikke." (koncept) ","dan=H.C. Andersen "
    "./574/metsfile.xml","dan=Iisjomfruen (Ørneungen) (forarbejde) ","dan=H.C. Andersen "
    "./748/metsfile.xml","dan=Biblen på svensk ","dan=Thott 4 4º "
    "./215/metsfile.xml","dan=1-39 tekster eng=1-39 texts ","dan=Khen ze chin van (nr. 6) eng=Khen ze chin van (no. 6) "
    "./727/metsfile.xml","dan=Exempla Literarum Typographicarum (København 1691) eng=Exempla Literarum Typographicarum (Copenhagen 1691) ","dan=Joh. Philip Bockenhoffer eng=Joh. Philip Bockenhoffer "
    "./136/metsfile.xml","dan=Hyrdinden og Skorsteensfeieren (koncept) ","dan=H.C. Andersen "
    "./119/metsfile.xml","dan=Saxonis Gesta Danorum, fragmenta recentiora eng=Saxonis Gesta Danorum, fragmenta recentiora ","dan=NKS 570 2° eng=NKS 570 2° "
    "./665/metsfile.xml","dan=Ny tiender ... Om saadanne græsshopper ([København: Hans Vingaard,] ca. 1542) eng=Ny tiender ... Om saadanne græsshopper ([Copenhagen: Hans Vingaard,] c. 1542) ","dan=Anonym eng=Anonymous "
    "./542/metsfile.xml","dan=Den fattige Kone og den lille Canariefugl ","dan=H.C. Andersen "
    "./717/metsfile.xml","dan=Mittelniederdeutsche Handschriften in Skandinavien (1900) eng=Mittelniederdeutsche Handschriften in Skandinavien (1900) ","dan=C. Borchling eng=C. Borchling "
    "./539/metsfile.xml","dan=Krøblingen (koncept) ","dan=H.C. Andersen "
    "./420/metsfile.xml","dan=Det nye Aarhundredes Musa (koncept C) ","dan=H.C. Andersen "
    "./408/metsfile.xml","dan=Tolv med Posten (renskrift) ","dan=H.C. Andersen "
    "./563/metsfile.xml","dan=De grønne Øer (utrykt) ","dan=H.C. Andersen "
    "./24/metsfile.xml","dan=Christines Billedbog eng=Christine's Picture Book ","dan=H.C. Andersen eng=Hans Christian Andersen "
    "./193/metsfile.xml","dan=Gaardhanen og Veirhanen (koncept) ","dan=H.C. Andersen "
    "./607/metsfile.xml","dan=Golestān-e Eram eng=Golestān-e Eram ","dan=Rezā Qolī Khān (Hedayat) (1825-1898) eng=Rezā Qolī Khān (Hedayat) (1825-1898 CE) "
    "./514/metsfile.xml","dan=Badl al-istitā'ah fī madh sāhib al-šafā'ah eng=Badl al-istitā'ah fī madh sāhib al-šafā'ah ","dan=Muhammad ibn 'Abd Allāh al-Khaffaf eng=Muhammad ibn 'Abd Allāh al-Khaffaf "
    "./523/metsfile.xml","dan=Acta processus s. Ingridis eng=Acta processus s. Ingridis ","dan=Add. 645 4° & NKS 1892 2° eng=Add. 645 4° & NKS 1892 2° "
    "./78/metsfile.xml","dan=[Molhaqāt-e Qā'ānī] eng=[Molhaqāt-e Qā'ānī] ","dan=Habīb-ollah Fārsī Qā'ānī (1223-1270 H [1808-1854]) eng=Habīb-ollah Fārsī Qā'ānī (1223-1270 H [1808-1854 CE]) "
    "./567/metsfile.xml","dan=Lygtemændene ere i byen, sagde Mosekonen (trykmanuskript) ","dan=H.C. Andersen "
    "./135/metsfile.xml","dan=Horae eng=Horae ","dan=GKS 1611 4° eng=GKS 1611 4° "
    "./8/metsfile.xml","eng=Prayer Book ","eng=Gl. kgl. S. 1605 "
    "./511/metsfile.xml","dan=Seneca, Epistolae morales eng=Seneca, Epistolae morales ","dan=Fragm. 2816-2817 eng=Fragm. 2816-2817 "
    "./734/metsfile.xml","dan=Katalog over Det Kongelige Biblioteks Inkunabler I ","dan=Victor Madsen "
    "./179/metsfile.xml","dan=Pigen, som traadte paa Brødet (koncept) ","dan=H.C. Andersen "
    "./608/metsfile.xml","dan=Mudrā med illustrationer eng=Mudrā with illustrations ","dan=Anomym eng=Anomymous "
    "./18/metsfile.xml","dan='Næstved-kalendariet' eng=the “Næstved Calendar” ","dan=E don. var. 52 2º eng=E don. var. 52 2º "
    "./121/metsfile.xml","dan=Lille Claus og store Claus (koncept) ","dan=H.C. Andersen "
    "./187/metsfile.xml","dan=Børnesnak (renskrift) ","dan=H.C. Andersen "
    "./507/metsfile.xml","dan=Hvad gamle Johanne fortalte (rettet renskrift) ","dan=H.C. Andersen "
    "./489/metsfile.xml","dan=Hvad hele Familien sagde (renskrift) ","dan=H.C. Andersen "
    "./520/metsfile.xml","dan=Josephus, Antiquitates Iudaicae eng=Josephus, Antiquitates Iudaicae ","dan=Fragm. 2802-2804 eng=Fragm. 2802-2804 "
    "./317/metsfile.xml","dan=Dagbog XVa ","dan=Jens Baggesen "
    "./564/metsfile.xml","dan=Mirakel i vor Tid (utrykt) ","dan=H.C. Andersen "
    "./72/metsfile.xml","dan=Ricardus de Bury, Philobiblon eng=Ricardus de Bury, Philobiblon ","dan=Fabr. 21 2° eng=Fabr. 21 2° "
    "./592/metsfile.xml","dan=Dagbog XXXV ","dan=Jens Baggesen "
    "./475/metsfile.xml","dan=Ugedagene (koncept) ","dan=H.C. Andersen "
    "./128/metsfile.xml","dan=Ole Lukøie (koncept) ","dan=H.C. Andersen "
    "./681/metsfile.xml","dan=Dagbog 21. juli 1861 - 22. juli 1863 ","dan=Georg Brandes "
    "./244/metsfile.xml","dan=Vitae sanctorum eng=Vitae sanctorum ","dan=Fabr. 28 2° eng=Fabr. 28 2° "
    "./254/metsfile.xml","dan=Kašf al-hāl fī wasf al-hāl eng=Kašf al-hāl fī wasf al-hāl ","dan=Salāh al-Dīn Halīl ibn Aybak al-Safadī (d. 764 H [1363] eng=Salāh al-Dīn Halīl ibn Aybak al-Safadī (d. 764 H [1363 CE] "
    "./313/metsfile.xml","dan=Dagbog XII ","dan=Jens Baggesen "
    "./17/metsfile.xml","dan=Graduale eng=Graduale ","dan=NKS 138 4º "
    "./104/metsfile.xml","dan=Shuihu zhuan, juan 15-19 eng=Shuihu zhuan, juan 15-19 ","dan=(Shi Nai'an og Luo Guanzhong (14. årh)) eng=(Shi Nai'an and Luo Guanzhong (14. årh)) "
    "./675/metsfile.xml","dan=Dagbog 31. juli - 22. september 1860 ","dan=Georg Brandes "
    "./307/metsfile.xml","dan=Dagbog IX ","dan=Jens Baggesen "
    "./242/metsfile.xml","dan=Folkungepsalteret eng=The Copenhagen Psalter ","dan=Thott 143 2º eng=Thott 143 2º "
    "./641/metsfile.xml","dan=Ius Lubicense Tunderense eng=Ius Lubicense Tunderense ","dan=Thott 591 8° eng=Thott 591 8° "
    "./13/metsfile.xml","dan=Billeder af Avalokiteśvara (Kannon) eng=Pictures of Avalokiteśvara (Kannon) ","dan=Gānjō Susumu (?) (Tidlig 18. årh.) eng=Gānjō Susumu (?) (Early 18th Century) "
    "./51/metsfile.xml","dan=Ketāb-e Šar'eyāt az ba-ray-e atfāl-e madāres, Tehrān 1303 [1886] eng=Agā-ye Mīr Sayyed Mohammad Qomī ","dan=Agā-ye Mīr Sayyed Mohammad Qomī eng=Ketāb-e Šar'eyāt az ba-ray-e atfāl-e madāres, Tehrān 1303 [1886 CE] "
    "./140/metsfile.xml","dan=Skyggen ","dan=H.C. Andersen "
    "./303/metsfile.xml","dan=Verba seniorum eng=Verba seniorum ","dan=Fragm. 3125-3126 eng=Fragm. 3125-3126 "
    "./305/metsfile.xml","dan=Titus Livius eng=Titus Livius ","dan=Fragm. 2813-2814 eng=Fragm. 2813-2814 "
    "./548/metsfile.xml","dan=Den ny Samson [Vor gamle Skolemester] (koncept) ","dan=H.C. Andersen "
    "./55/metsfile.xml","dan=Sallustius, opera eng=Sallustius, opera ","dan=Fabr. 25 2° eng=Fabr. 25 2° "
    "./198/metsfile.xml","dan="Deilig!" (koncept) ","dan=H.C. Andersen "
    "./365/metsfile.xml","dan=Kanna hifumiden eng=Kanna hifumiden ","dan=Hirata Atsutane (1775-1843) eng=Hirata Atsutane (CE 1775-1843) "
    "./524/metsfile.xml","dan=Lectiones de sanctis eng=Lectiones de sanctis ","dan=NKS 1894 2°, Fragm. 5067-5068 eng=NKS 1894 2°, Fragm. 5067-5068 "
    "./320/metsfile.xml","dan=Dagbog XVb ","dan=Jens Baggesen "
    "./611/metsfile.xml","dan=Divan-ī Leyla Hanīm eng=Divan-ī Leyla Hanīm ","dan=Moralīzade Hamit Leyla Hanīm (d. 1847) eng=Moralīzade Hamit Leyla Hanīm (d. 1847 CE) "
    "./67/metsfile.xml","dan=Evangelia IV eng=Evangelia IV ","dan=Thott 22 4° eng=Thott 22 4° "
    "./277/metsfile.xml","dan=Ovidius, Fasti eng=Ovidius, Fasti ","dan=GKS 2011 4° eng=GKS 2011 4° "
    "./593/metsfile.xml","dan=Dagbog XXXVI ","dan=Jens Baggesen "
    "./409/metsfile.xml","dan=Skarnbassen (koncept) ","dan=H.C. Andersen "
    "./146/metsfile.xml","dan="Alt paa sin rette Plads!" (koncept) ","dan=H.C. Andersen "
    "./708/metsfile.xml","dan=Exempla Literarum ... Academiæ Soranæ (s.l., 1655) eng=Exempla Literarum ... Academiæ Soranæ (s.l., 1655) ","dan=Jørgen Hantsch eng=Jørgen Hantsch "
    "./268/metsfile.xml","dan=Parabolae (København: Gotfred af Ghemen 1506) (LN 120) ","dan=Peder Laale "
    "./174/metsfile.xml","dan=Hurtigløberne (koncept) ","dan=H.C. Andersen "
    "./126/metsfile.xml","dan=Reisekammeraten (koncept) ","dan=H.C. Andersen "
    "./363/metsfile.xml","dan=Volmerslaget ","dan=P. Heise "
    "./62/metsfile.xml","dan=Šarh al-alfīyah eng=Šarh al-alfīyah ","dan=Badr al-Dīn Abū 'Abd Allāh Muhammad ibn 'Adb Allāh Ibn Mālik al-Tā'ī al-Ğayyānī eng=Badr al-Dīn Abū 'Abd Allāh Muhammad ibn 'Adb Allāh Ibn Mālik al-Tā'ī al-Ğayyānī "
    "./226/metsfile.xml","dan=Katalog over de Oldnorsk-Islandske Håndskrifter ","dan=Kr. Kålund "
    "./410/metsfile.xml","dan=Skarnbassen (renskrift) ","dan=H.C. Andersen "
    "./714/metsfile.xml","dan=Beskrivelse af franske håndskrifter i Det Kongelige Bibliotek eng=Description of the French Manuscripts in The Royal Library of Copenhagen ","dan=N.C.L. Abrahams "
    "./582/metsfile.xml","dan=Dagbog XXXII ","dan=Jens Baggesen "
    "./638/metsfile.xml","dan=Andreas Sunonis, Hexaemeron eng=Andreas Sunonis, Hexaemeron ","dan=E don. var. 155 4° eng=E don. var. 155 4° "
    "./724/metsfile.xml","dan=Katalog over Det store kongelige Bibliotheks Haandskrifter. 3. Bind/2 (1915) ","dan=E. Gigas "
    "./14/metsfile.xml","dan='Klingen' ","dan=Tidsskriftet "
    "./360/metsfile.xml","dan=Dagbog III ","dan=Jens Baggesen "
    "./577/metsfile.xml","dan=Bedstemoder ","dan=H.C. Andersen "
    "./785/metsfile.xml","dan=Arkivalier vedr. Hollands historie, 1903 ","dan=G. W. Kernkamp "
    "./182/metsfile.xml","dan=Anne Lisbeth (koncept) ","dan=H.C. Andersen "
    "./246/metsfile.xml","dan=Solinus, Collectanea eng=Solinus, Collectanea ","dan=GKS 443 2° eng=GKS 443 2° "
    "./245/metsfile.xml","dan=Disticha etc. eng=Disticha etc. ","dan=Fabr. 92 8° eng=Fabr. 92 8° "
    "./178/metsfile.xml","dan=Vinden fortæller om Valdemar Daae og hans Døttre (renskrift) ","dan=H.C. Andersen "
    "./423/metsfile.xml","dan=Lygtemændene ere i Byen, sagde Mosekonen (koncept) ","dan=H.C. Andersen "
    "./377/metsfile.xml","dan=Digte fra Middelalderen ","dan=P. Heise "
    "./415/metsfile.xml","dan=I Andegaarden (koncept) ","dan=H.C. Andersen "
    "./605/metsfile.xml","dan=Venskabs-Pagten ","dan=H.C. Andersen "
    "./115/metsfile.xml","dan=Adam Bremensis, Descriptio insularum Aquilonis eng=Adam Bremensis, Descriptio insularum Aquilonis ","dan=GKS 718 2° eng=GKS 718 2° "
    "./406/metsfile.xml","dan=Alanus ab Insulis, Anticlaudianus eng=Alanus ab Insulis, Anticlaudianus ","dan=Thott 1062 4° eng=Thott 1062 4° "
    "./294/metsfile.xml","dan=Ambrosius, De interpellatione Iob et Dauid eng=Ambrosius, De interpellatione Iob et Dauid ","dan=Fragm. 2818 eng=Fragm. 2818 "
    "./664/metsfile.xml","dan=Geschicht von D. Johann Fausten (Tübingen: Alexander Hock, 1587/88) eng=Geschicht von D. Johann Fausten (Tübingen: Alexander Hock, 1587/88) ","dan=Anonym eng=Anonymous "
    "./455/metsfile.xml","dan=Folkesangens Fugl (renskrift) ","dan=H.C. Andersen "
    "./754/metsfile.xml","dan=Prins Hans' Nativitet (1583) ","dan=Tycho Brahe "
    "./94/metsfile.xml","dan=Kitāb ta'rīh Misr eng=Kitāb ta'rīh Misr ","dan=Mustafā ibn Ibrāhīm [al-Maddāh al-Qinalī] (d. efter 1151 H [1738] eng=Mustafā ibn Ibrāhīm [al-Maddāh al-Qinalī] (d. after 1151 H [1738 CE] "
    "./357/metsfile.xml","dan=Paschaens Datter ","dan=P. Heise "
    "./222/metsfile.xml","dan=Bønnebog eng=Book of Prayers ","dan=NKS 50 h 8º eng=NKS 50 h 8º "
    "./385/metsfile.xml","dan=Arnulfus Aurelianensis, Glosule super Lucanum eng=Arnulfus Aurelianensis, Glosule super Lucanum ","dan=GKS 2025 4° eng=GKS 2025 4° "
    "./496/metsfile.xml","dan=To Brødre (renskrift) ","dan=H.C. Andersen "
    "./572/metsfile.xml","dan=Veirmøllen (udkast) ","dan=H.C. Andersen "
    "./661/metsfile.xml","dan=Ius Ripense eng=Ius Ripense ","dan=NKS 1880 2° eng=NKS 1880 2° "
    "./586/metsfile.xml","dan=Disticha [Augsburg: Johann Blaubirer], uden år eng=Disticha [Augsburg: Johann Blaubirer], sine anno ","dan=Cato eng=Cato "
    "./742/metsfile.xml","dan=Observationes planetarum eng=Observationes planetarum ","dan=Tycho Brahe eng=Tycho Brahe "
    "./165/metsfile.xml","dan=Hjertesorg (koncept) ","dan=H.C. Andersen "
    "./175/metsfile.xml","dan=Hurtigløberne (renskrift) ","dan=H.C. Andersen "
    "./9/metsfile.xml","eng=Hore beate virginis Marie ad usum Sarum (Paris, c. 1505) ","eng=Anthoine Vérard (ed.) "
    "./238/metsfile.xml","dan=1-10 tekster eng=1-10 texts ","dan=Khen ze chin van (nr. 2) eng=Khen ze chin van (No. 2) "
    "./389/metsfile.xml","dan=Scene af Ruskantaten ","dan=P. Heise "
    "./302/metsfile.xml","dan=Biblia, Tobias & Iudith eng=Biblia, Tobias & Iudith ","dan=Fragm. 2875 eng=Fragm. 2875 "
    "./627/metsfile.xml","dan=Boethius, De Consolatione Philosophiae, anglice eng=Boethius, De Consolatione Philosophiae, anglice ","dan=Thott 304 2° eng=Thott 304 2° "
    "./390/metsfile.xml","dan=Dagbog II ","dan=Jens Baggesen "
    "./224/metsfile.xml","dan=Bønnebog eng=Prayer Book ","dan=GKS 1607 4º eng=GKS 1607 4º "
    "./639/metsfile.xml","dan=Ius civitatis Slesvicensis eng=Ius civitatis Slesvicensis ","dan=GKS 3168 4° eng=GKS 3168 4° "
    "./743/metsfile.xml","dan=Arzneibuch eng=Arzneibuch ","dan=GKS 3484 8º eng=GKS 3484 8º "
    "./659/metsfile.xml","dan=Rejsedagbøger fra 1777 ","dan=Thomas Bugge "
    "./512/metsfile.xml","dan=Ekkehardus Uraugiensis, Chronicon Universale eng=Ekkehardus Uraugiensis, Chronicon Universale ","dan=Fragm. 2798 eng=Fragm. 2798 "
    "./213/metsfile.xml","eng=Printers' and Publishers' Devices in England 1485-1640. II: Introduction ","eng=Ronald B. McKerrow "
    "./694/metsfile.xml","dan=Hugo de Sancto Victore, Didascalicon eng=Hugo de Sancto Victore, Didascalicon ","dan=Fragm. 2835-2836 eng=Fragm. 2835-2836 "
    "./361/metsfile.xml","dan=Symphonie i d mol ","dan=P. Heise "
    "./709/metsfile.xml","dan=Brev til Hr. Nordquist, dat. 21. 9. 1930 ","dan=Carl Nielsen "
    "./670/metsfile.xml","dan=Dansk typografisk Atlas 1482-1600 (København: Gyldendal, 1934) eng=Dansk typografisk Atlas 1482-1600 (Copenhagen: Gyldendal, 1934) ","dan=Lauritz Nielsen eng=Lauritz Nielsen "
    "./281/metsfile.xml","dan=Petrus Laale eng=Petrus Laale ","dan=NKS 813x 4° eng=NKS 813x 4° "
    "./492/metsfile.xml","dan=Det Utroligste (renskrift) ","dan=H.C. Andersen "
    "./26/metsfile.xml","dan=Du'ā' Kumayl ibn Ziyad eng=Du'ā' Kumayl ibn Ziyad ","dan=Kumayl ibn Ziyād [al-Nah'ī] (d. 82 H [ 701]) eng=Kumayl ibn Ziyād [al-Nah'i] (d. 82 H [701 CE]) "
    "./203/metsfile.xml","dan=To Jomfruer (koncept) ","dan=H.C. Andersen "
    "./562/metsfile.xml","dan=[Uden titel] (utrykt) ","dan=H.C. Andersen "
    "./721/metsfile.xml","dan=Katalog over Universitetsbibliotekets Haandskrifter. 2. Del (1935) ","dan=Alfr. Krarup "
    "./673/metsfile.xml","dan=Dødedansen ([København: Hans Vingaard, mlm. 1552 og 1558]) eng=Dødedansen ([Copenhagen: Hans Vingaard, betw. 1552 and 1558]) ","dan=Anonym eng=Anonymous "
    "./436/metsfile.xml","dan=Kvartet for strygere i c-mol ","dan=P. Heise "
    "./503/metsfile.xml","dan=Psychen (koncept) ","dan=H.C. Andersen "
    "./134/metsfile.xml","dan=De røde Skoe ","dan=H.C. Andersen "
    "./444/metsfile.xml","dan=Sange af Shakespeare ","dan=P. Heise "
    "./252/metsfile.xml","dan=Itinerarium Petri eng=Itinerarium Petri ","dan=GKS 161 2° eng=GKS 161 2° "
    "./486/metsfile.xml","dan=Ugedagene (renskrift) ","dan=H.C. Andersen "
    "./447/metsfile.xml","dan=I Børnestuen (renskrift) ","dan=H.C. Andersen "
    "./158/metsfile.xml","dan=Det gamle Egetræes sidste Drøm (renskrift) ","dan=H.C. Andersen "
    "./161/metsfile.xml","dan=Al-'Sayl ['alā] al-Dayl eng=Al-'Sayl ['alā] al-Dayl ","dan='Imād [al-Dīn Muhammad ibn Muhammad] ak-Kātib [al-Isfahānī] (d. 597 H [1201] eng='Imād [al-Dīn Muhammad ibn Muhammad] ak-Kātib [al-Isfahānī] (d. 597 H [1201 CE] "
    "./685/metsfile.xml","dan=Rejsedagbog 1868 og optegnelser September 1868 - 31. december 1874 ","dan=Georg Brandes "
    "./614/metsfile.xml","dan=Iuvenalis, Saturae eng=Iuvenalis, Saturae ","dan=GKS 2031 4° eng=GKS 2031 4° "
    "./256/metsfile.xml","dan=Jōruri dukketeaterstykker, fem scener, 1700-tallet) eng=Jōruri puppet theatre plays, five scenes, 18th Century) ","dan=Anonym eng=Anonymous "
    "./663/metsfile.xml","dan=Biblia, fragmentum eng=Biblia, fragmentum ","dan=GKS 3381 8° eng=GKS 3381 8° "
    "./596/metsfile.xml","dan=Dagbog XXXVIII ","dan=Jens Baggesen "
    "./696/metsfile.xml","dan=Børne Speigel (København: Mads Vingaard, 1568) eng=Børne Speigel (Copenhagen: Mads Vingaard, 1568) ","dan=Niels Bredal eng=Niels Bredal "
    "./482/metsfile.xml","dan=Hvad man kan hitte paa (renskrift) ","dan=H.C. Andersen "
    "./186/metsfile.xml","dan=Børnesnak (koncept) ","dan=H.C. Andersen "
    "./210/metsfile.xml","dan=Brev til Fernando Linderberg ","dan=Henrik Pontoppidan "
    "./429/metsfile.xml","dan=Theepotten (koncept) ","dan=H.C. Andersen "
    "./674/metsfile.xml","dan=Dagbog 24. juni - 31. juli 1860 ","dan=Georg Brandes "
    "./138/metsfile.xml","dan=Den gamle Gadeløgte ","dan=H.C. Andersen "
    "./311/metsfile.xml","dan=Dagbog XI ","dan=Jens Baggesen "
    "./604/metsfile.xml","dan=Metalsvinet (kladde) ","dan=H.C. Andersen "
    "./702/metsfile.xml","dan=(Thott 291 8º ) eng=(Thott 291 8º ) ","dan=Chansons d'Amour eng=The Copenhagen Chansonnier "
    "./219/metsfile.xml","dan=Speculum humanae salvationis eng=Speculum humanae salvationis ","dan=GKS 80 2º eng=GKS 80 2º "
    "./212/metsfile.xml","eng=Printers' and Publishers' Devices in England 1485-1640. I: Catalogue and Indexes ","eng=Ronald B. McKerrow "
    "./251/metsfile.xml","dan=Franciscus Petrarca, Bucolicum carmen eng=Franciscus Petrarca, Bucolicum carmen ","dan=Fabr. 80 8° eng=Fabr. 80 8° "
    "./439/metsfile.xml","dan=Golestān - Būstān eng=Golestān - Būstān ","dan=Šayx Abū 'Abd-allah Mošarref b. Mosleh Sa'dī Šīrāsī (1203-92) eng=Šayx Abū 'Abd-allah Mošarref b. Mosleh Sa'dī Šīrāsī (1203-92 CE) "
    "./525/metsfile.xml","dan=Saxo, Gesta Danorum, Angersfragmentet eng=Saxo, Gesta Danorum, fragmentum Andegavense ","dan=NKS 869 g 4° eng=NKS 869 g 4° "
    "./495/metsfile.xml","dan=To Brødre (koncept) ","dan=H.C. Andersen "
    "./227/metsfile.xml","dan=Les Manuscrits italiens de Copenhague eng=Les Manuscrits italiens de Copenhague ","dan=P. Högberg eng=P. Högberg "
    "./723/metsfile.xml","dan=Katalog over Det store kongelige Bibliotheks Haandskrifter. 3. Bind/1 (1911) ","dan=E. Gigas "
    "./450/metsfile.xml","dan=Digte fra det Engelske ","dan=P. Heise "
    "./469/metsfile.xml","dan=al-Nisf al-awwal min Tahrīr al-fatāwī 'alā al-Tanbīh wal-Minhāg wal-Hāwī eng=al-Nisf al-awwal min Tahrīr al-fatāwī 'alā al-Tanbīh wal-Minhāg wal-Hāwī ","dan=al-Šayh al-Muhāmilī al-Šāfi'ī (= Ahmad ibn 'Abd al-Rahīm Ibn al-'Irāqī) [762-826 H [1361-1423]] eng=al-Šayh al-Muhāmilī al-Šāfi'ī (= Ahmad ibn 'Abd al-Rahīm Ibn al-'Irāqī) [762-826 H [1361-1423 CE]] "
    "./445/metsfile.xml","dan=Shakespeareske Sange ","dan=P. Heise "
    "./359/metsfile.xml","dan=Scene af Ruskantaten ","dan=P. Heise "
    "./271/metsfile.xml","dan=Sidonius Apollinaris, Apuleius, Bernardus Silvestris, Bernardus magister, etc. eng=Sidonius Apollinaris, Apuleius, Bernardus Silvestris, Bernardus magister, etc. ","dan=Fabr. 91 4° eng=Fabr. 91 4° "
    "./85/metsfile.xml","dan=Ps. Cyprianus, De aleatoribus. (Ps.) Tertullianus, Adversus Iudaeos eng=Ps. Cyprianus, De aleatoribus. (Ps.) Tertullianus, Adversus Iudaeos ","dan=GKS 1341 4° eng=GKS 1341 4° "
    "./52/metsfile.xml","dan=Manuale fra Notmark eng=Manual from Notmark ","dan=GKS 3453 8º eng=GKS 3453 8º "
    "./464/metsfile.xml","dan=Laserne (renskriftfragment) ","dan=H.C. Andersen "
    "./772/metsfile.xml","dan=Liber daticus ecclesie et capituli Lundensis eng=Liber daticus ecclesie et capituli Lundensis ","dan=GKS 845 2° eng=GKS 845 2° "
    "./609/metsfile.xml","dan=Biblia pauperum eng=Biblia pauperum ","dan=GKS 1377 4° eng=GKS 1377 4° "
    "./531/metsfile.xml","dan=Astasāhasrikāprajñāpāramitā eng=Astasāhasrikāprajñāpāramitā ","dan=Anonym eng=Anonymous "
    "./77/metsfile.xml","dan=Evangelium Nicodemi eng=Evangelium Nicodemi ","dan=GKS 1335 4° eng=GKS 1335 4° "
    "./610/metsfile.xml","dan=Hadiqat al-ward eng=Hadiqat al-ward ","dan=Wardah bint Nasif al-Yaziji eng=Wardah bint Nasif al-Yaziji "
    "./68/metsfile.xml","dan=Biblia Latina (fragmentum) eng=Biblia Latina (fragmentum) ","dan=NKS 1 2° eng=NKS 1 2° "
    "./621/metsfile.xml","eng=Theka II,7 ","eng=Albanica "
    "./544/metsfile.xml","dan=Urbanus ","dan=H.C. Andersen "
    "./217/metsfile.xml","dan=Den danske Rimkrønike (København: Gotfred af Ghemen 1495) eng=Den danske Rimkrønike (Copenhagen: Gotfred of Ghemen 1495) ","dan=Anonym eng=Anonymous "
    "./735/metsfile.xml","dan=Katalog over Det Kongelige Biblioteks Inkunabler II ","dan=Victor Madsen "
    "./27/metsfile.xml","dan=Notatbog ","dan=Poul Martin Møller "
    "./327/metsfile.xml","dan=Cicero, Somnium Scipionis. Macrobius, Commentarii eng=Cicero, Somnium Scipionis. Macrobius, Commentarii ","dan=GKS 1909 4° eng=GKS 1909 4° "
    "./509/metsfile.xml","dan=Terentius, Comoediae eng=Terentius, Comoediae ","dan=Fragm. 3184-3185 eng=Fragm. 3184-3185 "
    "./38/metsfile.xml","dan=Hieronymus, Epistola ad Eustochium eng=Hieronymus, Epistola ad Eustochium ","dan=Fabr. 64 4° eng=Fabr. 64 4° "
    "./80/metsfile.xml","dan=Bogbindere i Danmark, København ","dan=Leif Iwersen og Mikael Kristensen "
    "./716/metsfile.xml","dan=Katalog over Det Kongelige Biblioteks Haandskrifter vedr. Dansk Personalhistorie ","dan=C. Behrend "
    "./463/metsfile.xml","dan=Laserne (koncept B) ("I Kludebunken") ","dan=H.C. Andersen "
    "./79/metsfile.xml","dan=Bogbindere i Danmark, Provinsbogbindere ","dan=Leif Iwersen og Mikael Kristensen "
    "./513/metsfile.xml","dan=Florus Lugdunensis, Expositio in epp. Pauli eng=Florus Lugdunensis, Expositio in epp. Pauli ","dan=Fragm. 3134 eng=Fragm. 3134 "
    "./388/metsfile.xml","dan=Theca III 10 eng=Theca III 10 ","dan=Col. Arb. Haun. eng=Col. Arb. Haun. "
    "./490/metsfile.xml","dan=Den store Søslange (koncept) ","dan=H.C. Andersen "
    "./645/metsfile.xml","dan=Galterus de Castellione, Alexandreis ","dan=GKS 2146 4° eng=GKS 2146 4° "
    "./296/metsfile.xml","dan=Praecepta medica eng=Praecepta medica ","dan=Fragm. 2861 eng=Fragm. 2861 "
    "./221/metsfile.xml","dan=Bestiarius eng=Bestiarius ","dan=GKS 1633 4º eng=GKS 1633 4º "
    "./149/metsfile.xml","dan=Den gamle Gravsteen ","dan=H.C. Andersen "
    "./35/metsfile.xml","dan=Ahkam al-a'la[w]iyah min al-a'lam al-samawiyah - [Lava'eh al-qamar] eng=Ahkam al-a'la[w]iyah min al-a'lam al-samawiyah - [Lava'eh al-qamar] ","dan=Faxr al-Din al-Razi (543-606 H [1149-1209]), Hosayn al-Kashefi (d. 910 H [1504]) eng=Faxr al-Din al-Razi (543-606 H [1149-1209 CE]) - Hosayn al-Kashefi [d. 910 H] "
    "./43/metsfile.xml","dan=Rūz-nāmeh-ye safar-e pāy-e hom[ā]yūn be-Māzandarān 1292 H [1875] eng=Rūz-nāmeh-ye safar-e pāy-e hom[ā]yūn be-Māzandarān 1292 H [1875 CE] ","dan=Nāser al-Dīn Šāh Qāğār (1264-1313 H. [1848-96]) eng=Nāser al-Dīn Šāh Qāğār (1264-1313 H. [1848-96 CE]) "
    "./366/metsfile.xml","dan=Bucolica (Wittenberg 1560) (LN 664) eng=Bucolica (Wittenberg 1560) (LN 664) ","dan=Erasmus Lætus eng=Erasmus Lætus "
    "./380/metsfile.xml","dan=Iuvenalis, Saturae I-XIV.2 eng=Iuvenalis, Saturae I-XIV.2 ","dan=GKS 2033 4° eng=GKS 2033 4° "
    "./37/metsfile.xml","dan=Hulāsat al-adkār wa-itmi'nān al-qulūb (bønner) eng=Hulāsat al-adkār wa-itmi'nān al-qulūb (prayers) ","dan=Muhsin ibn Murtadā Fayd al-Kāš[ān]ī (d. 1091 H [1680/81] eng=Muhsin ibn Murtadā Fayd al-Kāš[ān]ī (d. 1091 H [1680/81 CE] "
    "./677/metsfile.xml","eng=Luz de materias de Indias del Marques de Montes claros esp=Luz de materias de Indias del Marques de Montes claros ","eng=Don Juan de Mendoza y Luna esp=Don Juan de Mendoza y Luna "
    "./209/metsfile.xml","dan=Historien om en Moder ","dan=H.C. Andersen "
    "./779/metsfile.xml","dan=Otto Fabricius, Zoologiske Samlinger, 1 eng=Otto Fabricius, Zoological Collections, 1 ","dan=NKS 322 d 4° eng=NKS 322 d 4° "
    "./448/metsfile.xml","dan=Bergmanden og Solveigs Sange ","dan=P. Heise "
    "./131/metsfile.xml","dan=Lykkens Kalosker (udkast) ","dan=H.C. Andersen "
    "./376/metsfile.xml","dan=Romancer og Sange af Steen St. Blicher ","dan=P. Heise "
    "./42/metsfile.xml","dan=Vita Anselmi. Vita Malachiae. Sermo eng=Vita Anselmi. Vita Malachiae. Sermo ","dan=GKS 182 2° eng=GKS 182 2° "
    "./783/metsfile.xml","dan=Det kongelige Bibliotek i støbeskeen. Bind 1 og 2, Kbh. 1999 ","dan=Harald Ilsøe "
    "./737/metsfile.xml","dan=Paulus Helie, miscellanea theologica eng=Paulus Helie, miscellanea theologica ","dan=GKS 1551 4° eng=GKS 1551 4° "
    "./367/metsfile.xml","dan=Taltīf al-mizāğ min ši'r Ibn al-Hağğāğ eng=Taltīf al-mizāğ min ši'r Ibn al-Hağğāğ ","dan=Ibn al-Hağğāğ al-Baġdādī (d. 391 H [1001]) eng=Ibn al-Hağğāğ al-Baġdādī (d. 391 H [1001 CE]) "
    "./84/metsfile.xml","dan=Leges. Formulae. Orationes. Capitularia eng=Leges. Formulae. Orationes. Capitularia ","dan=GKS 1943 4° eng=GKS 1943 4° "
    "./471/metsfile.xml","dan=Vænø og Glænø (udkast) ","dan=H.C. Andersen "
    "./283/metsfile.xml","dan=Breviarium (fragm.) eng=Breviarium (fragm.) ","dan=NKS 3539 4° eng=NKS 3539 4° "
    "./465/metsfile.xml","dan=Laserne (renskrift a + b) ","dan=H.C. Andersen "
    "./285/metsfile.xml","dan=Canones eng=Canones ","dan=NKS 58 8° eng=NKS 58 8° "
    "./107/metsfile.xml","dan=Abbo Floriacensis, Passio S. Eadmundi eng=Abbo Floriacensis, Passio S. Eadmundi ","dan=GKS 1588 4° eng=GKS 1588 4° "
    "./473/metsfile.xml","dan=Qvæk (udkast) ","dan=H.C. Andersen "
    "./189/metsfile.xml","dan=Et Stykke Perlesnor (renskrift) ","dan=H.C. Andersen "
    "./156/metsfile.xml","dan=Stoppenaalen (renskrift) ","dan=H.C. Andersen "
    "./21/metsfile.xml","eng=Legal actions ","eng=Expediente Prado Tello "
    "./0/metsfile.xml","",""
    "./83/metsfile.xml","dan=Liber Pontificalis. Series pontificum eng=Liber Pontificalis. Series pontificum ","dan=GKS 1582 4° eng=GKS 1582 4° "
    "./206/metsfile.xml","dan="Noget." (koncept) ","dan=H.C. Andersen "
    "./25/metsfile.xml","dan=Moralen ","dan=Poul Martin Møller "
    "./483/metsfile.xml","dan=Lykken kan ligge i en Pind (koncept) ","dan=H.C. Andersen "
    "./393/metsfile.xml","dan=Dagbog XVII ","dan=Jens Baggesen "
    "./177/metsfile.xml","dan=Vinden fortæller om Valdemar Daae og hans Døttre (koncept) ","dan=H.C. Andersen "
    "./401/metsfile.xml","dan=Theca IV 9 a eng=Theca IV 9 a ","dan=Col. Arb. Haun. eng=Col. Arb. Haun. "
    "./23/metsfile.xml","dan=Gudelige Bønner (København 1509) eng=Prayers (Copenhagen 1509) ","dan=Gotfred af Ghemen (udg.) eng=Gotfred of Ghemen (ed.) "
    "./776/metsfile.xml","dan=Seanchas Mór eng=Seanchas Mór ","dan=NKS 261 b 4° eng=NKS 261 b 4° "
    "./526/metsfile.xml","eng=A Voyage to the Pacific Ocean, Vol. II ","eng=James Cook "
    "./553/metsfile.xml","dan=Hvad Uhret fortæller (utrykt) ","dan=H.C. Andersen "
    "./560/metsfile.xml","dan=Herregaarden (utrykt) ","dan=H.C. Andersen "
    "./600/metsfile.xml","dan=Vænø og Glænø (koncept) ","dan=H.C. Andersen "
    "./491/metsfile.xml","dan=Gartneren og Herskabet (rettet renskrift) ","dan=H.C. Andersen "
    "./201/metsfile.xml","dan=En Historie fra Klitterne (renskrift) ","dan=H.C. Andersen "
    "./580/metsfile.xml","dan=Kometen (udkast) ","dan=H.C. Andersen "
    "./321/metsfile.xml","dan=Livius, Ab urbe condita, XXI-XXX eng=Livius, Ab urbe condita, XXI-XXX ","dan=GKS 495 2° eng=GKS 495 2° "
    "./784/metsfile.xml","dan=Det kongelige Bibliotek i støbeskeen. Bind 2, Kbh. 1999 ","dan=Harald Ilsøe "
    "./196/metsfile.xml","dan=Dynd-Kongens Datter (udkast) ","dan=H.C. Andersen "
    "./522/metsfile.xml","dan=Chaconne Op. 32 / skitse ","dan=Carl Nielsen "
    "./240/metsfile.xml","dan=Almanakker ","dan=H.C. Andersen "
    "./191/metsfile.xml","dan=Barnet i Graven (renskrift) ","dan=H.C. Andersen "
    "./29/metsfile.xml","dan=Yuefu yushu (Xin qiejing xuan gujin Yuefu gundiao xinci yushu ying) / Pipa ji eng=Yuefu yushu (Xin qiejing xuan gujin Yuefu gundiao xinci yushu ying) / Pipa ji ","dan=Gao Ming (ca. 1305- ca. 1370) eng=Gao Ming (c. 1305- c. 1370) "
    "./306/metsfile.xml","dan=Dagbog VIII ","dan=Jens Baggesen "
    "./502/metsfile.xml","dan=Dryaden (koncepter) ","dan=H.C. Andersen "
    "./508/metsfile.xml","dan=Q. Curtius Rufus, Historiae Alexandri Magni eng=Q. Curtius Rufus, Historiae Alexandri Magni ","dan=Fragm. 3182 eng=Fragm. 3182 "
    "./533/metsfile.xml","dan=Dagbog XXVI ","dan=Jens Baggesen "
    "./180/metsfile.xml","dan=Taarnvægteren Ole (udkast) ","dan=H.C. Andersen "
    "./346/metsfile.xml","dan=Cicero, De officiis eng=Cicero, De officiis ","dan=GKS 378 2° eng=GKS 378 2° "
    "./781/metsfile.xml","dan=Danmarks Middelalderlige Haandskrifter, 1937 ","dan=Lauritz Nielsen "
    "./642/metsfile.xml","dan=Boethius, Consolatio Philosophiae eng=Boethius, Consolatio Philosophiae ","dan=GKS 1911 4° eng=GKS 1911 4° "
    "./105/metsfile.xml","dan=Basilius Magnus, Ascetica eng=Basilius Magnus, Ascetica ","dan=GKS 1343 4° eng=GKS 1343 4° "
    "./183/metsfile.xml","dan=Tante Tandpine (koncept) ","dan=H.C. Andersen "
    "./267/metsfile.xml","dan=Dīwān Ibn Hafāğah al-Andalusī eng=Dīwān Ibn Hafāğah al-Andalusī ","dan=Ibrāhīm ibn Abī al-Fath Ibn Hafāğah al-Andalusī (533 H. [1138]) eng=Ibrāhīm ibn Abī al-Fath Ibn Hafāğah al-Andalusī (533 H. [1138 CE]) "
    "./634/metsfile.xml","dan=Qutuy-tu yeke quriyangyui-tu molon toyin bodisadu eke-dür iyen ači tusa-yi ... eng=Qutuy-tu yeke quriyangyui-tu molon toyin bodisadu eke-dür iyen ači tusa-yi ... ","dan=Anomym eng=Anonymous "
    "./599/metsfile.xml","dan=Dagbog XLI ","dan=Jens Baggesen "
    "./34/metsfile.xml","dan=Anonymi commentarius in comoedias Terentii eng=Anonymi commentarius in comoedias Terentii ","dan=GKS 1995 4° eng=GKS 1995 4° "
    "./16/metsfile.xml","dan=Serifubon (Enkelte akter af Kabuki stykker) eng=Serifubon (Few acts of Kabuki plays) ","dan=Anonym eng=Anonymous "
    "./766/metsfile.xml","dan=Kall's Samling ","dan=E. C. Werlauff "
    "./273/metsfile.xml","dan=1-26 tekster eng=1-26 texts ","dan=Khen ze chin van (nr. 1) eng=Khen ze chin van (nr. 1) "
    "./139/metsfile.xml","dan=Nabofamilierne ","dan=H.C. Andersen "
    "./328/metsfile.xml","dan=Sallustius, opera eng=Sallustius, opera ","dan=GKS 3560 8° eng=GKS 3560 8° "
    "./631/metsfile.xml","dan=Dagbog XLII ","dan=Jens Baggesen "
    "./407/metsfile.xml","dan=Tolv med Posten (koncept) ","dan=H.C. Andersen "
    "./330/metsfile.xml","dan=Macer Floridus. Galenus de semine. Costa ben Luca eng=Macer Floridus. Galenus de semine. Costa ben Luca ","dan=Add. 433 2° eng=Add. 433 2° "
    "./322/metsfile.xml","dan=Cicero, De inventione. Rhetorica ad Herennium eng=Cicero, De inventione. Rhetorica ad Herennium ","dan=GKS 1999 4° eng=GKS 1999 4° "
    "./109/metsfile.xml","dan=Commentarius super carmen paschale Sedulii eng=Commentarius super carmen paschale Sedulii ","dan=NKS 223 b 4° eng=NKS 223 b 4° "
    "./690/metsfile.xml","dan=Sæmundar og Snorra Edda ","dan=Ólafur Brynjúlfsson "
    "./618/metsfile.xml","dan=Sidonius Apollinaris, Epistolae eng=Sidonius Apollinaris, Epistolae ","dan=GKS 30 2° eng=GKS 30 2° "
    "./57/metsfile.xml","dan=Xavass-e āyāt eng=Xavass-e āyāt ","dan='Abd al-'Alī b. Moh. b. Hosayn (transl.) eng='Abd al-'Alī b. Moh. b. Hosayn (transl.) "
    "./170/metsfile.xml","dan=Skorsteensfeieren og Hyrdinden (renskrift) ","dan=H.C. Andersen "
    "./160/metsfile.xml","dan=Dayl lubb al lubāb eng=Dayl lubb al lubāb ","dan=Ahmad ibn Ahmad al-'Ağamī (d. 1086 H [1675]) eng=Ahmad ibn Ahmad al-'Ağamī (d. 1086 H [1675 CE]) "
    "./7/metsfile.xml","eng=Ascribed to Ibn al-Baytâr ara=منسوب الى ابن البيطار ","eng=Kitāb al-Tibb (Book on Medicine) ara=كتاب الطب "
    "./765/metsfile.xml","dan=Bondealmanak ","dan=NKS 901 8º "
    "./466/metsfile.xml","dan=Peiter, Peter og Peer (koncept) ","dan=H.C. Andersen "
    "./87/metsfile.xml","dan=Harpestræng: Liber Herbarum ","dan=NKS 66 8º "
    "./441/metsfile.xml","dan=Kærlighedssange af Christian Winther ","dan=P. Heise "
    "./752/metsfile.xml","dan=Hildefonsus, Augustinus, Hieronymus, Sermones eng=Hildefonsus, Augustinus, Hieronymus, Sermones ","dan=Thott 129 2° eng=Thott 129 2° "
    "./125/metsfile.xml","dan=Den uartige Dreng (udkast) ","dan=H.C. Andersen "
    "./287/metsfile.xml","dan=Fragmenta scripturae Beneventanae eng=Fragmenta scripturae Beneventanae ","dan=Varii auctores eng=Varii auctores "
    "./421/metsfile.xml","dan=Sommerfuglen (renskrift) ","dan=H.C. Andersen "
    "./434/metsfile.xml","dan=Ouverture til Marsk Stig ","dan=P. Heise "
    "./159/metsfile.xml","dan=Kitāb buğyat al-multamis fī ta'rīh riğāl al-Andalus eng=Kitāb buğyat al-multamis fī ta'rīh riğāl al-Andalus ","dan=Ahmad ibn Yahyā ibn Ahmad ibn 'Amīrah al-Dabbī (d. 599 H [1203]) eng=Ahmad ibn Yahyā ibn Ahmad ibn 'Amīrah al-Dabbī (d. 599 H [1203 CE]) "
    "./86/metsfile.xml","dan=Plutarchus, Vitae. Leonardus Brunus, Vita Aristotelis eng=Plutarchus, Vitae. Leonardus Brunus, Vita Aristotelis ","dan=GKS 2145 4° eng=GKS 2145 4° "
    "./65/metsfile.xml","eng=The Idea of History in Felipe Guaman Poma de Ayala, 1970 ","eng=Juan M. Ossio "
    "./575/metsfile.xml","dan=Skrubtudsen (renskrift) ","dan=H.C. Andersen "
    "./786/metsfile.xml","dan=Test ","dan=Svindborg "
    "./299/metsfile.xml","dan=Isidorus, De fide catholica eng=Isidorus, De fide catholica ","dan=Fragm. 2811-2812 eng=Fragm. 2811-2812 "
    "./741/metsfile.xml","dan=Elixyr Tychonis ","dan=Tycho Brahe "
    "./394/metsfile.xml","dan=Dagbog XVIII ","dan=Jens Baggesen "
    "./676/metsfile.xml","dan=Dagbog 23. september 1860 - 1. februar 1861 ","dan=Georg Brandes "
    "./3/metsfile.xml","dan=14.-16. årh. ","dan=Norske love "
    "./316/metsfile.xml","dan=Lucanus, Pharsalia eng=Lucanus, Pharsalia ","dan=GKS 2024 4° eng=GKS 2024 4° "
    "./573/metsfile.xml","dan=Sølvskillingen (udkast) ","dan=H.C. Andersen "
    "./529/metsfile.xml","dan=Dagbog 1789 og andre optegnelser ","dan=Jens Baggesen "
    "./684/metsfile.xml","dan=Dagbog fra en rejse til Paris 1866-67 ","dan=Georg Brandes "
    "./100/metsfile.xml","dan=Paulus Diaconus, Historia Langobardorum eng=Paulus Diaconus, Historia Langobardorum ","dan=GKS 2158 4° eng=GKS 2158 4° "
    "./413/metsfile.xml","dan=Sneemanden (koncept) ","dan=H.C. Andersen "
    "./736/metsfile.xml","dan=Katalog over Det Kongelige Biblioteks Inkunabler III ","dan=Victor Madsen "
    "./536/metsfile.xml","dan=Dagbog XXIX ","dan=Jens Baggesen "
    "./516/metsfile.xml","dan=Evangelia IV (Marcus 6.26-56) eng=Evangelia IV (Marcus 6.26-56) ","dan=Fragm. 3132 eng=Fragm. 3132 "
    "./335/metsfile.xml","dan=Cicero, De inventione (fragm.) eng=Cicero, De inventione (fragm.) ","dan=NKS 119 8° eng=NKS 119 8° "
    "./636/metsfile.xml","dan=Henmannus, Viaticum narrationum eng=Henmannus, Viaticum narrationum ","dan=GKS 380 2° eng=GKS 380 2° "
    "./398/metsfile.xml","dan=Dagbog XXI-XXII ","dan=Jens Baggesen "
    "./630/metsfile.xml","dan=Anubis ","dan=Thorkild Bjørnvig "
    "./241/metsfile.xml","dan=Lucretius, De rerum natura eng=Lucretius, De rerum natura ","dan=GKS 211 2° eng=GKS 211 2° "
    "./747/metsfile.xml","dan=Den Collinske Manuskriptsamling (1930) ","dan=Carl S. Petersen "
    "./750/metsfile.xml","dan=Vnderlig oc ofuer-naturlig Fødsel ... (København: Henrich Waldkirch, 1629) eng=Vnderlig oc ofuer-naturlig Fødsel ... (Copenhagen: Henrich Waldkirch, 1629) ","dan=Anders P. Perlesticker m.fl. eng=Anders P. Perlesticker and others "
    "./48/metsfile.xml","dan=Kitāb umūr 'āmmah min šarh al Tağrīd eng=Kitāb umūr 'āmmah min šarh al Tağrīd ","dan='Alā al-Dīn 'Alī ibn Muhammad al-Qūšğī (d. 874 H [1474]) eng='Alā al-Dīn 'Alī ibn Muhammad al-Qūšğī (d. 874 H [1474 CE]) "
    "./185/metsfile.xml","dan=Anne Lisbeth (renskrift) ","dan=H.C. Andersen "
    "./141/metsfile.xml","dan=Den lykkelige Familie (koncept) ","dan=H.C. Andersen "
    "./622/metsfile.xml","dan=Brev til Margrethe Brahe ","dan=Sophie Brahe "
    "./654/metsfile.xml","dan=Commentarii eng=Commentarii ","dan=GKS 1346 4° eng=GKS 1346 4° "
    "./566/metsfile.xml","dan=Ørentvisten (utrykt) ","dan=H.C. Andersen "
    "./558/metsfile.xml","dan=Hvad Havet fortæller (utrykt) ","dan=H.C. Andersen "
    "./530/metsfile.xml","eng=A Voyage to the Pacific Ocean, Vol. III ","eng=James King "
    "./64/metsfile.xml","dan=Tidebog eng=Book of Hours ","dan=GKS 1612 4º eng=GKS 1612 4º "
    "./412/metsfile.xml","dan=Hvad Fatter gjør, det er altid det Rigtige (renskrift) ","dan=H.C. Andersen "
    "./110/metsfile.xml","dan=Seidan eng=Seidan ","dan=Ogyō, Sorai (1666-1728) eng=Ogyō, Sorai (1666-1728 CE) "
    "./668/metsfile.xml","dan=Wilde Mennisker oc Dyr wdi Indien (Hamborg: Wickradt, 1559) eng=Wilde Mennisker oc Dyr wdi Indien (Hamburg: Wickradt, 1559) ","dan=Christiern Smed eng=Christiern Smed "
    "./695/metsfile.xml","dan=Koge-Bog (København 1625) eng=Koge-Bog (Copenhagen 1625) ","dan=Anonym eng=Anonymous "
    "./194/metsfile.xml","dan=Gaardhanen og Veirhanen (renskrift) ","dan=H.C. Andersen "
    "./225/metsfile.xml","dan=Bestiaire eng=Bestiaire ","dan=GKS 3466 8º eng=GKS 3466 8º "
    "./265/metsfile.xml","dan=Marāh al-arwāh/Tasrīf-al-'Izzī/ Al Maqsūd fī al-tasrīf/Binā' al-af'āl eng=Marāh al-arwāh/Tasrīf-al-'Izzī /Al Maqsūd fī al-tasrīf/Binā' al-af'āl ","dan=Ahmad ibn 'Alī ibn Mas'ūd (14. årh.) ... et al. eng=Ahmad ibn 'Alī ibn Mas'ūd (14th c. CE) ... et al "
    "./325/metsfile.xml","dan=Theca II 22 eng=Theca II 22 ","dan=Col. Arb. Haun. eng=Col. Arb. Haun. "
    "./71/metsfile.xml","dan=Glossarium latinum "Abavus" eng=Glossarium latinum "Abavus" ","dan=Fabr. 26 2° eng=Fabr. 26 2° "
    "./598/metsfile.xml","dan=Dagbog XL ","dan=Jens Baggesen "
    "./549/metsfile.xml","dan=Vor gamle Skolemester ","dan=H.C. Andersen "
    "./646/metsfile.xml","dan=Ovidius, Metamorphoses eng=Ovidius, Metamorphoses ","dan=GKS 2009 4° eng=GKS 2009 4° "
    "./722/metsfile.xml","dan=Katalog over Det store kongelige Bibliotheks Haandskrifter. Andet Bind (1906) ","dan=E. Gigas "
    "./488/metsfile.xml","dan=Lysene (udkast) ","dan=H.C. Andersen "
    "./640/metsfile.xml","dan=Albericus Casinensis, Dictaminum Radii sive Flores Rhetorici eng=Albericus Casinensis, Dictaminum Radii sive Flores Rhetorici ","dan=GKS 3545 8° eng=GKS 3545 8° "
    "./637/metsfile.xml","dan=Vergilius, Eclogae (cum glossis) eng=Vergilius, Eclogae (cum glossis) ","dan=GKS 2004 4° eng=GKS 2004 4° "
    "./336/metsfile.xml","dan=Lucanus, Pharsalia eng=Lucanus, Pharsalia ","dan=GKS 2022 4° eng=GKS 2022 4° "
    "./740/metsfile.xml","dan=Mogens ","dan=J.P. Jacobsen "
    "./706/metsfile.xml","dan=Brev til Knud Møller, dat. 24. 4. 1914 ","dan=Carl Nielsen "
    "./399/metsfile.xml","dan=Dagbog XXIII ","dan=Jens Baggesen "
    "./28/metsfile.xml","dan=Notatbog ","dan=Poul Møller "
    "./442/metsfile.xml","dan=Sydlandske Sange ","dan=P. Heise "
    "./282/metsfile.xml","dan=Isidorus, Chronica & alia (fragm.) eng=Isidorus, Chronica & alia (fragm.) ","dan=Rostg. 160 2° 10 eng=Rostg. 160 2° 10 "
    "./725/metsfile.xml","dan=Danske og norske Digteres Originalmanuskripter i Det Kongelige Bibliotek (1943). ","dan=Lauritz Nielsen "
    "./698/metsfile.xml","dan=Hyldemoer ","dan=H.C. Andersen "
    "./60/metsfile.xml","dan=Principia & glose super auctores eng=Principia & glose super auctores ","dan=Fabr. 29 2° eng=Fabr. 29 2° "
